kabupaten_kota,garis_kemiskinan_2015,garis_kemiskinan_2016,garis_kemiskinan_2017,garis_kemiskinan_2018,garis_kemiskinan_2019,garis_kemiskinan_2020,garis_kemiskinan_2021,garis_kemiskinan_2022,garis_kemiskinan_2023,garis_kemiskinan_2024
Aceh Barat,424227.0,441909.0,446614.0,447089.0,471058.0,517264.0,533712.0,558638.0,616091.0,644009.0
Aceh Barat Daya,292323.0,306930.0,329543.0,340903.0,358059.0,393640.0,406157.0,430297.0,474127.0,516947.0
Aceh Besar,366676.0,384545.0,398752.0,422051.0,447563.0,477938.0,489498.0,519320.0,564431.0,586860.0
Aceh Jaya,316304.0,331940.0,356060.0,373690.0,391677.0,428094.0,441706.0,468854.0,515244.0,536092.0
Aceh Selatan,288619.0,304466.0,332177.0,351288.0,369107.0,405786.0,418689.0,446224.0,494565.0,528243.0
Aceh Singkil,351409.0,368968.0,406015.0,427804.0,450217.0,473983.0,487249.0,518951.0,568691.0,609322.0
Aceh Tamiang,343246.0,368691.0,389459.0,420841.0,437991.0,459387.0,479801.0,508599.0,555387.0,583294.0
Aceh Tengah,380858.0,397859.0,427170.0,445250.0,468577.0,492227.0,505933.0,533810.0,584863.0,626090.0
Aceh Tenggara,212025.0,221799.0,250854.0,340196.0,357015.0,392493.0,404725.0,430825.0,471301.0,496074.0
Aceh Timur,328048.0,350186.0,369911.0,398493.0,417715.0,440455.0,460422.0,491550.0,530934.0,557943.0
Aceh Utara,280683.0,301733.0,318729.0,340086.0,353856.0,375394.0,392412.0,420615.0,454361.0,473719.0
Agam,279590.0,315804.0,327004.0,341372.0,379304.0,424728.0,444711.0,485222.0,530290.0,558963.0
Alor,250327.0,268450.0,287878.0,305853.0,311560.0,336402.0,364939.0,400858.0,438013.0,446875.0
Asahan,262464.0,292030.0,305868.0,315420.0,330460.0,351314.0,377752.0,397944.0,427293.0,454298.0
Asmat,299893.0,316437.0,349487.0,354478.0,364728.0,383790.0,405368.0,424978.0,450237.0,487035.0
Badung,454916.0,470732.0,500885.0,534069.0,547186.0,587737.0,613993.0,633769.0,688018.0,737800.0
Balangan,312445.0,348442.0,368580.0,382835.0,396532.0,441488.0,453928.0,476190.0,508157.0,528104.0
Bandung,275562.0,297483.0,310569.0,334929.0,345177.0,367403.0,378819.0,398884.0,426069.0,455636.0
Bandung Barat,275327.0,294823.0,309304.0,329415.0,341307.0,362212.0,374470.0,393956.0,426355.0,455325.0
Banggai,311258.0,344795.0,352840.0,373695.0,395700.0,417863.0,431639.0,457335.0,488788.0,515334.0
Banggai Kepulauan,260814.0,290742.0,300753.0,317475.0,338815.0,364025.0,373799.0,396904.0,432673.0,453552.0
Banggai Laut,274333.0,296716.0,306611.0,324734.0,335604.0,359768.0,366005.0,384686.0,424660.0,443877.0
Bangka,385899.0,427684.0,475024.0,497164.0,541925.0,577093.0,595429.0,639535.0,685810.0,723719.0
Bangka Barat,399401.0,440850.0,497567.0,520642.0,549496.0,589894.0,599887.0,635861.0,681517.0,720398.0
Bangka Selatan,374778.0,415359.0,462716.0,483823.0,523155.0,561617.0,581970.0,621629.0,669016.0,697382.0
Bangka Tengah,528720.0,586445.0,653308.0,680907.0,693842.0,721331.0,735479.0,773509.0,814969.0,856895.0
Bangkalan,319120.0,334338.0,349073.0,369455.0,389170.0,418908.0,432046.0,458754.0,503207.0,547017.0
Bangli,283849.0,305200.0,321674.0,327668.0,329014.0,346458.0,370732.0,401650.0,436928.0,465572.0
Banjar,327970.0,360494.0,381862.0,400081.0,429422.0,462375.0,482867.0,514991.0,561521.0,589165.0
Banjarnegara,236399.0,252328.0,264387.0,278210.0,301792.0,318334.0,328679.0,351333.0,380046.0,398344.0
Bantaeng,217595.0,223408.0,234286.0,260263.0,309357.0,340890.0,363342.0,394116.0,419677.0,434664.0
Bantul,312514.0,332057.0,347476.0,369480.0,381538.0,405613.0,418265.0,445511.0,488340.0,510740.0
Banyu Asin,311716.0,337391.0,353914.0,381437.0,397496.0,429816.0,445089.0,477393.0,509264.0,539283.0
Banyumas,320585.0,344514.0,357748.0,366442.0,385140.0,406250.0,417086.0,441520.0,479027.0,500861.0
Banyuwangi,295185.0,311722.0,319236.0,339891.0,353873.0,373679.0,387084.0,414879.0,448928.0,470713.0
Barito Kuala,246397.0,274571.0,291285.0,297199.0,318995.0,340526.0,355160.0,375707.0,417110.0,437579.0
Barito Selatan,333917.0,355341.0,377932.0,389405.0,408072.0,433787.0,450706.0,481352.0,512492.0,542075.0
Barito Timur,415710.0,442068.0,467091.0,478510.0,487185.0,517183.0,534896.0,571786.0,623053.0,663119.0
Barito Utara,408241.0,420100.0,446807.0,450936.0,472552.0,504430.0,525236.0,563393.0,590832.0,628429.0
Barru,263210.0,280316.0,289371.0,307904.0,322248.0,337047.0,351924.0,368150.0,400702.0,417396.0
Batang,224437.0,240541.0,249292.0,256549.0,286116.0,309202.0,318330.0,341252.0,378858.0,412196.0
Batang Hari,328769.0,341320.0,365365.0,394438.0,420227.0,450233.0,462468.0,497857.0,540168.0,613093.0
Batu Bara,320422.0,347533.0,363741.0,381651.0,408417.0,452393.0,477564.0,508524.0,556529.0,591201.0
Bekasi,394513.0,416058.0,434112.0,463507.0,481732.0,518667.0,549875.0,579221.0,632811.0,674924.0
Belitung,580050.0,610072.0,652989.0,704855.0,766276.0,812321.0,830484.0,860629.0,896948.0,919372.0
Belitung Timur,504668.0,528572.0,563309.0,622396.0,684277.0,725395.0,798017.0,854534.0,899482.0,907577.0
Belu,279442.0,300914.0,319280.0,330944.0,349414.0,372087.0,379280.0,416519.0,459111.0,476703.0
Bener Meriah,338719.0,363796.0,383289.0,413208.0,431643.0,457916.0,476074.0,512111.0,551868.0,591421.0
Bengkalis,420733.0,455021.0,496657.0,508633.0,533123.0,581416.0,604925.0,648933.0,713826.0,755572.0
Bengkayang,273629.0,291430.0,311815.0,339891.0,357112.0,365755.0,372793.0,396037.0,416148.0,440390.0
Bengkulu Selatan,294328.0,323991.0,346595.0,364888.0,377823.0,394513.0,408904.0,435955.0,467762.0,492627.0
Bengkulu Tengah,308010.0,342162.0,366034.0,389821.0,406137.0,431688.0,447435.0,512084.0,549468.0,582468.0
Bengkulu Utara,302989.0,333311.0,356566.0,359264.0,369367.0,387881.0,398746.0,423857.0,459171.0,484432.0
Berau,426681.0,465161.0,496385.0,502564.0,526615.0,568500.0,595550.0,624948.0,677819.0,731250.0
Biak Numfor,466074.0,491278.0,521782.0,528498.0,543971.0,574402.0,602931.0,627921.0,657182.0,677659.0
Bima,255962.0,282854.0,288703.0,308695.0,327602.0,356352.0,363228.0,395040.0,429327.0,451386.0
Bintan,313277.0,341812.0,354012.0,367294.0,384396.0,417654.0,424426.0,447933.0,474674.0,496764.0
Bireuen,301027.0,317562.0,335314.0,358399.0,393198.0,410203.0,422685.0,451163.0,486667.0,494866.0
Blitar,255966.0,272358.0,285474.0,305440.0,318534.0,325675.0,335573.0,355511.0,387733.0,408399.0
Blora,257581.0,279972.0,291114.0,308520.0,335837.0,353259.0,363649.0,390478.0,425135.0,464959.0
Boalemo,309227.0,332297.0,348581.0,368860.0,385122.0,426961.0,450724.0,472906.0,525007.0,551189.0
Bogor,290874.0,317430.0,337550.0,359787.0,373799.0,402877.0,418483.0,443787.0,482174.0,513512.0
Bojonegoro,284319.0,295250.0,309564.0,330544.0,347786.0,362383.0,380653.0,403403.0,435936.0,471457.0
Bolaang Mongondow,257170.0,277338.0,287751.0,295834.0,315400.0,325227.0,343302.0,355639.0,394032.0,415628.0
Bolaang Mongondow Selatan,256141.0,276229.0,288862.0,295875.0,316305.0,327648.0,345819.0,358465.0,397381.0,419865.0
Bolaang Mongondow Timur,261715.0,282240.0,293187.0,302924.0,323989.0,335241.0,353872.0,368578.0,411409.0,433873.0
Bolaang Mongondow Utara,207328.0,223588.0,230974.0,238645.0,254835.0,264227.0,275369.0,283627.0,316327.0,334448.0
Bombana,246908.0,266717.0,270627.0,288201.0,308396.0,325949.0,346726.0,368576.0,406706.0,423183.0
Bondowoso,313734.0,331975.0,343124.0,363443.0,380350.0,408352.0,423150.0,449760.0,494000.0,517741.0
Bone,252392.0,260552.0,272555.0,309076.0,325422.0,345009.0,360177.0,380513.0,408244.0,423727.0
Bone Bolango,304627.0,327354.0,339614.0,363982.0,380029.0,424275.0,449543.0,475874.0,505252.0,531286.0
Boven Digoel,379630.0,406678.0,444813.0,452723.0,458012.0,486179.0,520245.0,550445.0,585228.0,622315.0
Boyolali,263734.0,283921.0,293405.0,304575.0,332996.0,347520.0,361922.0,383030.0,420339.0,442071.0
Brebes,340538.0,364059.0,382125.0,405932.0,414642.0,431897.0,445853.0,472326.0,513339.0,542495.0
Buleleng,327357.0,350902.0,372399.0,395678.0,401377.0,424602.0,461018.0,496390.0,537262.0,570129.0
Bulukumba,272703.0,274318.0,284108.0,310753.0,330161.0,351180.0,369022.0,390040.0,406882.0,422111.0
Bulungan,352063.0,383642.0,398397.0,413294.0,448548.0,472569.0,486524.0,514320.0,551925.0,572546.0
Bungo,272254.0,292573.0,310428.0,366226.0,390439.0,422801.0,436020.0,470545.0,517119.0,607714.0
Buol,271525.0,304085.0,314556.0,332163.0,351135.0,375794.0,387444.0,410824.0,438363.0,477640.0
Buru,383904.0,396313.0,415403.0,420083.0,463169.0,492055.0,503254.0,530858.0,584277.0,610346.0
Buru Selatan,500864.0,514124.0,542036.0,542747.0,596469.0,628659.0,644441.0,677044.0,743721.0,769919.0
Buton,198183.0,209245.0,211485.0,233201.0,254013.0,262541.0,270212.0,279627.0,302183.0,313831.0
Buton Utara,258425.0,275544.0,280974.0,306437.0,331555.0,345039.0,355288.0,373792.0,403834.0,422483.0
Ciamis,296647.0,319150.0,334038.0,357382.0,363750.0,378108.0,389676.0,405294.0,442108.0,467497.0
Cianjur,287939.0,304255.0,320390.0,340882.0,350760.0,371699.0,387631.0,406829.0,437327.0,466509.0
Cilacap,273828.0,292525.0,307041.0,320106.0,337572.0,351735.0,363367.0,384955.0,419429.0,441093.0
Cirebon,327032.0,333758.0,346240.0,370747.0,381372.0,393452.0,404635.0,416914.0,451853.0,475046.0
Dairi,263359.0,293666.0,310836.0,325176.0,341511.0,380275.0,408893.0,436713.0,463360.0,502924.0
Deiyai,483206.0,503898.0,556281.0,561857.0,579263.0,608868.0,627742.0,647902.0,709749.0,770492.0
Deli Serdang,304183.0,347030.0,363371.0,381173.0,390440.0,413202.0,428123.0,448489.0,479509.0,508139.0
Demak,328529.0,356919.0,371525.0,402211.0,411202.0,432533.0,445176.0,471818.0,511145.0,535134.0
Dharmasraya,335151.0,374642.0,398408.0,414096.0,439117.0,477421.0,503183.0,530693.0,581058.0,622190.0
Dogiyai,385923.0,427149.0,471762.0,477674.0,492905.0,512654.0,557009.0,592213.0,653007.0,709423.0
Dompu,243467.0,263458.0,266483.0,284188.0,328740.0,362142.0,370120.0,404413.0,442451.0,469647.0
Donggala,251529.0,281374.0,291011.0,308212.0,336404.0,360483.0,369784.0,395028.0,421493.0,438396.0
Empat Lawang,243132.0,269211.0,280350.0,306546.0,315699.0,341007.0,360378.0,384199.0,411191.0,421747.0
Ende,291770.0,315095.0,341219.0,358986.0,363508.0,392591.0,428328.0,473403.0,518939.0,528259.0
Enrekang,258472.0,275971.0,283653.0,312674.0,331667.0,338731.0,352147.0,371669.0,408198.0,427556.0
Fakfak,433491.0,446531.0,473950.0,498184.0,544783.0,578510.0,596406.0,628418.0,671021.0,725257.0
Flores Timur,226252.0,246851.0,267317.0,281757.0,279268.0,301611.0,329340.0,364117.0,405486.0,412744.0
Garut,241068.0,256770.0,267252.0,282683.0,301202.0,310437.0,320050.0,335134.0,367681.0,393464.0
Gayo Lues,286882.0,301546.0,323482.0,368583.0,387893.0,425529.0,438689.0,470221.0,514836.0,557201.0
Gianyar,320805.0,339414.0,358496.0,378561.0,382380.0,400079.0,407945.0,434163.0,468307.0,500797.0
Gorontalo,343373.0,368863.0,382722.0,409179.0,425827.0,475102.0,502964.0,531294.0,568430.0,605743.0
Gorontalo Utara,222054.0,238621.0,251054.0,267806.0,278746.0,311200.0,327531.0,346557.0,371302.0,387535.0
Gowa,306328.0,316428.0,333002.0,365503.0,385820.0,390917.0,408435.0,429222.0,456719.0,475305.0
Gresik,372661.0,393447.0,414261.0,438704.0,466154.0,492628.0,505499.0,536544.0,588316.0,608828.0
Grobogan,303455.0,333009.0,345379.0,366192.0,375521.0,395001.0,404456.0,428597.0,464614.0,489208.0
Gunung Kidul,250630.0,264637.0,277261.0,288748.0,301125.0,319851.0,325907.0,350739.0,382249.0,401209.0
Gunung Mas,356866.0,365198.0,388415.0,388864.0,403045.0,438881.0,456984.0,479550.0,526341.0,562332.0
Halmahera Barat,269068.0,293118.0,302921.0,316381.0,324849.0,339283.0,358707.0,379108.0,414870.0,455327.0
Halmahera Selatan,245113.0,266155.0,273849.0,290627.0,310161.0,324767.0,343323.0,362100.0,400768.0,449334.0
Halmahera Tengah,361983.0,397379.0,410708.0,429805.0,454180.0,466973.0,491657.0,507555.0,552350.0,593903.0
Halmahera Timur,441911.0,494245.0,509725.0,510899.0,545238.0,569464.0,600339.0,624983.0,631233.0,655936.0
Halmahera Utara,195091.0,208832.0,215837.0,228092.0,238878.0,248544.0,263507.0,301041.0,378968.0,425857.0
Hulu Sungai Selatan,365097.0,409235.0,431296.0,444455.0,461581.0,528622.0,494203.0,516857.0,547855.0,583549.0
Hulu Sungai Tengah,279530.0,322392.0,341024.0,354214.0,365008.0,417778.0,425438.0,444331.0,475655.0,513950.0
Hulu Sungai Utara,346066.0,385338.0,407608.0,420783.0,436997.0,488237.0,501994.0,526919.0,561429.0,597894.0
Humbang Hasundutan,262317.0,301663.0,313545.0,329189.0,336500.0,374768.0,397237.0,419180.0,451625.0,487256.0
Indragiri Hilir,295781.0,315988.0,368134.0,435202.0,450728.0,495305.0,518283.0,568879.0,597122.0,629570.0
Indragiri Hulu,396088.0,419737.0,432589.0,457871.0,474298.0,522110.0,549563.0,584910.0,626671.0,660349.0
Indramayu,379088.0,397196.0,413857.0,447378.0,458240.0,474807.0,481754.0,499805.0,532545.0,560159.0
Intan Jaya,501749.0,542007.0,598436.0,606138.0,627128.0,662465.0,725106.0,769993.0,853098.0,948843.0
Jayapura,454989.0,464519.0,489932.0,549489.0,589521.0,601005.0,624845.0,651581.0,706549.0,729234.0
Jayawijaya,349878.0,367804.0,406219.0,409846.0,420471.0,461058.0,501075.0,524173.0,566319.0,722258.0
Jember,283510.0,299823.0,310650.0,324174.0,339685.0,365295.0,380397.0,400961.0,441171.0,459043.0
Jembrana,330073.0,354901.0,374057.0,385959.0,390102.0,403462.0,434839.0,458214.0,496435.0,531164.0
Jeneponto,291408.0,302113.0,315702.0,356319.0,359883.0,366453.0,374407.0,384299.0,405280.0,416231.0
Jepara,314422.0,341754.0,355607.0,371296.0,386693.0,407056.0,419028.0,442618.0,479131.0,503832.0
Jombang,316922.0,337217.0,353456.0,374895.0,399633.0,410116.0,421172.0,448830.0,488754.0,514170.0
Kaimana,336596.0,342293.0,363581.0,386576.0,412130.0,438991.0,450301.0,511011.0,609865.0,682231.0
Kampar,360324.0,375716.0,398138.0,419306.0,434601.0,460991.0,477603.0,502670.0,547696.0,590444.0
Kapuas,252866.0,266943.0,283222.0,291820.0,305809.0,332999.0,345272.0,424066.0,485958.0,508022.0
Kapuas Hulu,346335.0,369981.0,384275.0,430652.0,452471.0,465360.0,481826.0,508087.0,543301.0,572644.0
Karanganyar,303056.0,329531.0,340538.0,348896.0,365151.0,385563.0,401542.0,424677.0,465703.0,491551.0
Karawang,363105.0,386282.0,408579.0,433972.0,440347.0,466152.0,494201.0,521158.0,555889.0,597345.0
Karimun,309558.0,338341.0,354526.0,360087.0,376853.0,411052.0,422961.0,446856.0,468332.0,492654.0
Karo,357954.0,400261.0,423663.0,437702.0,460870.0,500921.0,531519.0,563660.0,606244.0,656812.0
Katingan,356695.0,387848.0,412113.0,420418.0,434609.0,474056.0,498487.0,553082.0,589596.0,615575.0
Kaur,262881.0,289374.0,310047.0,317558.0,322815.0,338451.0,350794.0,371660.0,415715.0,432939.0
Kayong Utara,230320.0,244046.0,260114.0,287078.0,302811.0,311643.0,321356.0,339089.0,365262.0,386071.0
Kebumen,292177.0,313881.0,325819.0,342437.0,362847.0,380557.0,390599.0,416004.0,451678.0,471824.0
Kediri,261088.0,272374.0,281012.0,294098.0,305491.0,324215.0,335990.0,353033.0,385874.0,403621.0
Keerom,460199.0,504460.0,532499.0,597230.0,655056.0,677050.0,704998.0,744805.0,807097.0,832766.0
Kendal,301449.0,323078.0,335497.0,353127.0,369769.0,396691.0,407387.0,433864.0,465936.0,488940.0
Kepahiang,293731.0,323333.0,348238.0,361281.0,374568.0,396184.0,410569.0,433660.0,465292.0,488445.0
Kepulauan Anambas,313042.0,341556.0,356046.0,366917.0,382449.0,416877.0,429475.0,452220.0,481718.0,504332.0
Kepulauan Aru,312520.0,337180.0,352151.0,412665.0,438848.0,490565.0,516604.0,562416.0,626086.0,644112.0
Kepulauan Mentawai,235987.0,263793.0,280695.0,294284.0,310033.0,340191.0,356403.0,386152.0,421113.0,461088.0
Kepulauan Meranti,403535.0,427938.0,445025.0,462535.0,483377.0,520955.0,542599.0,568639.0,623576.0,661863.0
Kepulauan Sangihe,215355.0,232736.0,240321.0,250475.0,263268.0,272971.0,283852.0,292549.0,313945.0,328431.0
Kepulauan Selayar,286032.0,296540.0,310978.0,348608.0,370380.0,396822.0,406732.0,430976.0,453432.0,468755.0
Kepulauan Sula,284471.0,315133.0,320854.0,337543.0,359497.0,372561.0,391912.0,414512.0,453476.0,485242.0
Kepulauan Talaud,228813.0,246757.0,257294.0,265839.0,284681.0,294686.0,308395.0,319974.0,352120.0,364581.0
Kepulauan Yapen,512934.0,536501.0,592535.0,600161.0,618487.0,653819.0,688204.0,716343.0,757676.0,782033.0
Kerinci,275265.0,285406.0,309941.0,333978.0,356059.0,385571.0,396168.0,443408.0,485838.0,606095.0
Ketapang,356319.0,366250.0,391868.0,432354.0,454160.0,468450.0,482824.0,499724.0,539108.0,570638.0
Klaten,340484.0,364240.0,376305.0,397447.0,405537.0,419510.0,436896.0,458872.0,488102.0,505826.0
Klungkung,264866.0,284789.0,299664.0,310764.0,312864.0,318139.0,342043.0,359415.0,384983.0,411010.0
Kolaka,292370.0,320897.0,327329.0,349388.0,370036.0,406919.0,432858.0,448100.0,464000.0,477917.0
Kolaka Timur,291862.0,314387.0,323956.0,345216.0,369870.0,405341.0,431179.0,458563.0,513085.0,525091.0
Kolaka Utara,356680.0,388041.0,406334.0,453994.0,454127.0,494836.0,506903.0,511972.0,517092.0,529192.0
Konawe,241617.0,260264.0,267331.0,283109.0,293801.0,323180.0,343781.0,363645.0,400581.0,425029.0
Konawe Kepulauan,240679.0,263229.0,271241.0,294035.0,314815.0,335414.0,347332.0,370692.0,393000.0,415880.0
Konawe Selatan,181796.0,195175.0,200663.0,219979.0,235654.0,261382.0,275339.0,294510.0,331620.0,354696.0
Konawe Utara,216578.0,232307.0,244391.0,260861.0,273544.0,305100.0,321986.0,340061.0,381620.0,407710.0
Kota Ambon,473236.0,486931.0,514690.0,532719.0,571315.0,596042.0,621482.0,661016.0,716560.0,750166.0
Kota Balikpapan,485665.0,498721.0,530710.0,545971.0,572108.0,613622.0,657521.0,680499.0,743084.0,782248.0
Kota Banda Aceh,523444.0,541732.0,572295.0,607391.0,628493.0,674977.0,698617.0,737016.0,814530.0,862944.0
Kota Bandar Lampung,476055.0,502968.0,540679.0,562277.0,588177.0,634743.0,654576.0,698598.0,761790.0,787260.0
Kota Bandung,376311.0,400541.0,420579.0,448902.0,474448.0,500452.0,515396.0,545675.0,591124.0,614707.0
Kota Banjar,271017.0,289369.0,305603.0,324958.0,334590.0,344363.0,357210.0,373510.0,408710.0,430590.0
Kota Banjar Baru,463579.0,505380.0,539608.0,572195.0,614757.0,652030.0,653556.0,692830.0,753899.0,781405.0
Kota Banjarmasin,384659.0,417174.0,445428.0,477210.0,509773.0,543546.0,606330.0,651383.0,708617.0,743872.0
Kota Batam,525452.0,565380.0,591589.0,650406.0,686956.0,707856.0,740109.0,783730.0,854465.0,903960.0
Kota Batu,380393.0,398401.0,424354.0,467073.0,501016.0,509886.0,522819.0,564010.0,613985.0,642778.0
Kota Baubau,274066.0,291873.0,297991.0,311509.0,329977.0,344598.0,360766.0,376932.0,412008.0,431717.0
Kota Bekasi,497343.0,521813.0,544534.0,582723.0,617718.0,657953.0,692885.0,731392.0,795965.0,842927.0
Kota Bengkulu,494825.0,535893.0,584265.0,642314.0,660442.0,702578.0,740612.0,785905.0,810507.0,820354.0
Kota Bima,274394.0,293048.0,299346.0,323187.0,352593.0,383161.0,399193.0,432959.0,471841.0,496096.0
Kota Binjai,322091.0,343078.0,371387.0,380792.0,403798.0,433746.0,466554.0,499451.0,538638.0,577220.0
Kota Bitung,321549.0,337674.0,356120.0,368574.0,391479.0,416993.0,434642.0,458983.0,501139.0,518405.0
Kota Blitar,338532.0,356147.0,383021.0,425832.0,456778.0,465868.0,481229.0,517363.0,568280.0,596105.0
Kota Bogor,392405.0,416779.0,450078.0,480749.0,513343.0,547399.0,571425.0,608949.0,661384.0,699861.0
Kota Bontang,479060.0,513205.0,542985.0,549830.0,582188.0,636491.0,665572.0,697326.0,763661.0,801945.0
Kota Bukittinggi,379445.0,420478.0,441087.0,459371.0,475755.0,519470.0,540457.0,570032.0,619896.0,658640.0
Kota Cilegon,323935.0,347949.0,373147.0,428867.0,459469.0,504571.0,540032.0,572780.0,632703.0,663533.0
Kota Cimahi,386513.0,411665.0,433759.0,462969.0,484804.0,511375.0,522281.0,549450.0,590197.0,612567.0
Kota Cirebon,358654.0,373866.0,392725.0,426738.0,444574.0,457954.0,467248.0,485613.0,520579.0,545592.0
Kota Denpasar,463271.0,483821.0,512947.0,545357.0,571246.0,618064.0,662499.0,712815.0,778203.0,820512.0
Kota Depok,496747.0,522934.0,556470.0,615255.0,644860.0,688194.0,705084.0,744771.0,804984.0,843893.0
Kota Dumai,353079.0,369624.0,403244.0,418597.0,439152.0,484609.0,509002.0,543182.0,601348.0,631652.0
Kota Gorontalo,404620.0,437129.0,452758.0,482585.0,520095.0,569538.0,598363.0,643531.0,697650.0,723861.0
Kota Gunungsitoli,289428.0,304727.0,318585.0,327303.0,339671.0,370967.0,408190.0,426349.0,459787.0,493644.0
Kota Jakarta Barat,408818.0,421968.0,443561.0,490331.0,517646.0,557803.0,570330.0,599514.0,657247.0,685071.0
Kota Jakarta Pusat,484526.0,503304.0,524750.0,580080.0,625177.0,672328.0,689379.0,733176.0,784679.0,818722.0
Kota Jakarta Selatan,567685.0,594380.0,620712.0,680167.0,729256.0,782731.0,792684.0,842630.0,891580.0,928278.0
Kota Jakarta Timur,412515.0,433405.0,455584.0,502152.0,539510.0,581954.0,594849.0,630842.0,669713.0,697472.0
Kota Jakarta Utara,423828.0,441617.0,463787.0,512689.0,549506.0,594240.0,609310.0,645431.0,684557.0,712835.0
Kota Jambi,372600.0,397088.0,413722.0,466854.0,488034.0,529090.0,563403.0,605556.0,667447.0,757014.0
Kota Jayapura,763326.0,805746.0,849496.0,944479.0,992610.0,1021759.0,1051297.0,1099019.0,1147265.0,1179015.0
Kota Kediri,386521.0,400096.0,420712.0,453807.0,471893.0,493438.0,506936.0,537326.0,587723.0,621051.0
Kota Kendari,270861.0,291069.0,301894.0,327976.0,350647.0,384379.0,423653.0,454846.0,503369.0,516809.0
Kota Kotamobagu,255330.0,274103.0,289077.0,298742.0,323292.0,343675.0,363777.0,385962.0,426174.0,452245.0
Kota Kupang,455924.0,482857.0,504179.0,518095.0,545219.0,587921.0,599880.0,648982.0,732921.0,761108.0
Kota Langsa,307260.0,323246.0,347056.0,371267.0,380906.0,407421.0,435438.0,469348.0,512319.0,546363.0
Kota Lhokseumawe,303155.0,319988.0,343558.0,367525.0,376832.0,401158.0,427045.0,460583.0,498431.0,522671.0
Kota Lubuklinggau,393365.0,417192.0,435956.0,470897.0,477756.0,495213.0,516763.0,541784.0,583867.0,598850.0
Kota Madiun,359771.0,376956.0,404959.0,446525.0,478304.0,497628.0,514409.0,551620.0,605131.0,637838.0
Kota Magelang,405228.0,425191.0,450908.0,476582.0,481282.0,522099.0,537783.0,575130.0,602794.0,626614.0
Kota Malang,411709.0,426527.0,454061.0,507114.0,543966.0,554791.0,570238.0,609612.0,674660.0,706341.0
Kota Manado,313597.0,334732.0,353018.0,364820.0,396196.0,424473.0,449679.0,475683.0,521012.0,540888.0
Kota Mataram,397468.0,414115.0,428754.0,457950.0,480304.0,499959.0,524762.0,562661.0,616536.0,657667.0
Kota Medan,420208.0,460685.0,491496.0,518420.0,532055.0,553796.0,577126.0,607166.0,651901.0,695295.0
Kota Metro,314891.0,331201.0,346491.0,360656.0,371636.0,406351.0,417861.0,449415.0,480830.0,503161.0
Kota Mojokerto,348670.0,364021.0,391489.0,437231.0,467997.0,482016.0,493452.0,531804.0,581006.0,610968.0
Kota Padang,414612.0,449658.0,482763.0,507042.0,534857.0,570654.0,602540.0,634581.0,698720.0,736786.0
Kota Padang Panjang,384969.0,420981.0,424298.0,438075.0,450377.0,491142.0,516648.0,543609.0,599681.0,634303.0
Kota Padangsidimpuan,315547.0,326579.0,348074.0,363468.0,382884.0,417455.0,453777.0,480196.0,523244.0,556024.0
Kota Pagar Alam,268636.0,289493.0,299982.0,324025.0,328745.0,342738.0,356287.0,370417.0,408917.0,427007.0
Kota Palangka Raya,307796.0,324082.0,345417.0,353853.0,379420.0,435008.0,456276.0,485800.0,530223.0,555618.0
Kota Palembang,431242.0,456225.0,480735.0,510994.0,521489.0,548563.0,567518.0,597136.0,643356.0,660932.0
Kota Palopo,246727.0,261056.0,274319.0,292602.0,324233.0,362859.0,383007.0,403144.0,442276.0,466521.0
Kota Palu,416596.0,451437.0,473555.0,492085.0,522444.0,559246.0,571605.0,604280.0,632261.0,658112.0
Kota Pangkal Pinang,527668.0,604011.0,654044.0,700949.0,748487.0,795653.0,808839.0,858840.0,894224.0,925522.0
Kota Parepare,270508.0,281951.0,292685.0,308337.0,323839.0,363710.0,383471.0,402126.0,445032.0,467151.0
Kota Pariaman,359965.0,392970.0,412231.0,431368.0,446514.0,480028.0,495386.0,522932.0,576455.0,609286.0
Kota Pasuruan,343392.0,362224.0,378593.0,415171.0,434435.0,441531.0,461624.0,486893.0,529512.0,554195.0
Kota Payakumbuh,390151.0,424233.0,441736.0,462243.0,482184.0,526490.0,543335.0,573234.0,616357.0,648230.0
Kota Pekalongan,352717.0,375600.0,390555.0,415172.0,425026.0,460789.0,480415.0,513243.0,565998.0,605312.0
Kota Pekanbaru,416479.0,435082.0,473788.0,499852.0,516368.0,589281.0,613183.0,655389.0,712000.0,749522.0
Kota Pematang Siantar,403918.0,429365.0,464794.0,474084.0,502726.0,536486.0,583588.0,631886.0,670183.0,709992.0
Kota Pontianak,403905.0,427783.0,439648.0,483618.0,523736.0,567432.0,578615.0,622735.0,677512.0,708333.0
Kota Prabumulih,441420.0,466459.0,493871.0,530748.0,541648.0,569769.0,592210.0,623429.0,649951.0,650002.0
Kota Probolinggo,403037.0,418480.0,437392.0,479267.0,501505.0,524528.0,545955.0,575195.0,628380.0,654409.0
Kota Sabang,475111.0,492787.0,523705.0,552272.0,563100.0,599381.0,620373.0,660573.0,715446.0,725956.0
Kota Salatiga,337511.0,345146.0,359944.0,380856.0,418955.0,454154.0,480903.0,518815.0,565031.0,596659.0
Kota Samarinda,533401.0,566392.0,594645.0,616365.0,658307.0,719710.0,750055.0,784198.0,850842.0,877945.0
Kota Sawah Lunto,293725.0,318721.0,337682.0,354665.0,374615.0,399688.0,412757.0,443301.0,487610.0,524196.0
Kota Semarang,368477.0,382160.0,402297.0,427511.0,474930.0,522691.0,543929.0,589598.0,642456.0,671936.0
Kota Serang,255614.0,281926.0,296819.0,350237.0,379641.0,411595.0,431210.0,460613.0,511575.0,540786.0
Kota Sibolga,355225.0,391681.0,413454.0,415478.0,425236.0,453786.0,485527.0,516367.0,568188.0,612818.0
Kota Singkawang,376797.0,387801.0,410717.0,464673.0,492131.0,510596.0,527892.0,552823.0,588561.0,614077.0
Kota Solok,370229.0,385781.0,413297.0,414673.0,440618.0,450254.0,464977.0,491488.0,538682.0,569869.0
Kota Sorong,570657.0,625071.0,657148.0,668533.0,725117.0,765183.0,791155.0,827339.0,889486.0,902534.0
Kota Subulussalam,244628.0,250408.0,273370.0,315453.0,351093.0,400517.0,418643.0,444818.0,487777.0,504372.0
Kota Sukabumi,421908.0,441948.0,470133.0,497995.0,520742.0,547415.0,567734.0,594118.0,644276.0,678258.0
Kota Sungai Penuh,295969.0,317556.0,334856.0,351391.0,373673.0,401966.0,426380.0,450708.0,491568.0,610141.0
Kota Surabaya,418930.0,438283.0,474365.0,530178.0,567474.0,592137.0,611466.0,652540.0,718370.0,742678.0
Kota Surakarta,406840.0,430293.0,448062.0,464063.0,473516.0,487445.0,511216.0,538441.0,600953.0,638102.0
Kota Tangerang,455228.0,496349.0,508551.0,556782.0,584318.0,632835.0,655061.0,695225.0,746468.0,785113.0
Kota Tangerang Selatan,433967.0,472968.0,494784.0,549150.0,593781.0,643083.0,665610.0,712717.0,782543.0,828278.0
Kota Tanjung Balai,322324.0,345900.0,374442.0,397647.0,421671.0,444125.0,482602.0,515456.0,554065.0,592573.0
Kota Tanjung Pinang,542857.0,582414.0,598631.0,625473.0,659170.0,691738.0,719776.0,764410.0,771584.0,798218.0
Kota Tarakan,485447.0,519774.0,572213.0,613593.0,654308.0,696585.0,711268.0,773446.0,819621.0,854967.0
Kota Tasikmalaya,367673.0,397215.0,416837.0,447008.0,457899.0,470150.0,480341.0,498711.0,537497.0,565377.0
Kota Tebing Tinggi,355621.0,383650.0,415307.0,426469.0,460533.0,493227.0,536531.0,578512.0,623531.0,665016.0
Kota Tegal,371528.0,395631.0,418845.0,455488.0,465047.0,502031.0,523413.0,565826.0,623617.0,664922.0
Kota Ternate,459551.0,489810.0,514396.0,537524.0,578185.0,595553.0,629463.0,661459.0,668074.0,701354.0
Kota Tidore Kepulauan,340912.0,368796.0,387307.0,404721.0,435277.0,448352.0,472651.0,484983.0,540752.0,581193.0
Kota Tomohon,313236.0,336266.0,354635.0,363856.0,394584.0,422746.0,440680.0,461424.0,508251.0,530321.0
Kota Tual,328247.0,345670.0,372731.0,510231.0,535425.0,574105.0,600172.0,640542.0,722498.0,746967.0
Kota Yogyakarta,383966.0,401193.0,423815.0,467061.0,495562.0,533423.0,556674.0,601905.0,662267.0,686973.0
Kotawaringin Barat,293436.0,319064.0,338230.0,344337.0,360942.0,397883.0,418388.0,476297.0,513949.0,536747.0
Kotawaringin Timur,325234.0,353640.0,381776.0,393474.0,416777.0,446039.0,467551.0,510290.0,547170.0,572827.0
Kuantan Singingi,441315.0,468199.0,497747.0,521591.0,545403.0,580453.0,599163.0,638678.0,693493.0,736050.0
Kubu Raya,305859.0,329511.0,359461.0,377302.0,401586.0,423430.0,431211.0,457367.0,492642.0,511815.0
Kudus,328404.0,356951.0,373224.0,393078.0,406470.0,429666.0,450992.0,482806.0,520830.0,550075.0
Kulon Progo,273436.0,297353.0,312403.0,323105.0,333781.0,353807.0,360202.0,381666.0,416870.0,438007.0
Kuningan,276154.0,289901.0,302061.0,332483.0,340775.0,352358.0,358069.0,371665.0,402767.0,420867.0
Kupang,282496.0,309208.0,325677.0,336984.0,356463.0,379600.0,386577.0,425750.0,471901.0,486458.0
Kutai Barat,410307.0,447311.0,485551.0,517621.0,542393.0,583532.0,598037.0,635478.0,679660.0,716440.0
Kutai Kartanegara,389195.0,424717.0,450581.0,485435.0,503968.0,548423.0,569640.0,605321.0,644570.0,682490.0
Kutai Timur,431328.0,470228.0,512345.0,543442.0,569449.0,610858.0,626492.0,659136.0,714241.0,753332.0
Labuhan Batu,298650.0,333144.0,352622.0,368357.0,389402.0,425035.0,457021.0,489503.0,524240.0,556900.0
Labuhan Batu Selatan,304632.0,330874.0,346305.0,355517.0,368205.0,404819.0,426574.0,448994.0,486275.0,533535.0
Labuhan Batu Utara,332815.0,361017.0,378024.0,395696.0,422063.0,471678.0,497922.0,527922.0,573783.0,607292.0
Lahat,332943.0,369359.0,385525.0,419658.0,428309.0,457569.0,485142.0,513085.0,547203.0,582041.0
Lamandau,350294.0,380888.0,409912.0,411088.0,430656.0,479514.0,539744.0,588591.0,634710.0,673768.0
Lamongan,303780.0,321002.0,335783.0,360444.0,380220.0,397980.0,419309.0,446601.0,481969.0,524636.0
Lampung Barat,335500.0,371926.0,382576.0,391444.0,400662.0,443313.0,457478.0,495283.0,530803.0,563531.0
Lampung Selatan,319448.0,346457.0,360594.0,375868.0,389236.0,422328.0,439421.0,470857.0,508494.0,528226.0
Lampung Tengah,336449.0,362475.0,373980.0,385132.0,394338.0,436777.0,450232.0,474289.0,503645.0,526313.0
Lampung Timur,307944.0,331765.0,342295.0,352173.0,360610.0,398298.0,411200.0,433965.0,465856.0,497183.0
Lampung Utara,346393.0,369628.0,379962.0,390927.0,400248.0,441045.0,451876.0,475290.0,510098.0,544994.0
Landak,287822.0,300123.0,320600.0,351942.0,374117.0,385314.0,395486.0,414536.0,451681.0,473797.0
Langkat,304825.0,348205.0,364517.0,382536.0,392050.0,412422.0,432371.0,453383.0,483543.0,507996.0
Lanny Jaya,383166.0,405347.0,446061.0,451802.0,464328.0,490508.0,537322.0,564670.0,625677.0,816044.0
Lebak,228146.0,246389.0,261880.0,283901.0,298201.0,334509.0,358479.0,380681.0,419066.0,440705.0
Lebong,308004.0,339045.0,362700.0,389973.0,404368.0,424637.0,440127.0,472738.0,507046.0,532432.0
Lembata,288970.0,309992.0,335693.0,353957.0,359792.0,388577.0,421901.0,464542.0,508575.0,517948.0
Lima Puluh Kota,314949.0,357824.0,370506.0,388689.0,403030.0,451295.0,475123.0,504670.0,553068.0,582794.0
Lingga,354916.0,387244.0,395089.0,411387.0,429764.0,472384.0,484088.0,507223.0,540936.0,562906.0
Lombok Barat,353667.0,375684.0,390979.0,412487.0,431862.0,439595.0,466495.0,503509.0,546421.0,576478.0
Lombok Tengah,335286.0,357337.0,369645.0,386676.0,404633.0,421439.0,447200.0,480657.0,520852.0,549400.0
Lombok Timur,359235.0,382861.0,396668.0,414721.0,430727.0,447263.0,472304.0,503525.0,546404.0,583957.0
Lombok Utara,363367.0,387265.0,398702.0,416705.0,437543.0,451721.0,478906.0,514755.0,556462.0,594789.0
Lumajang,245806.0,258840.0,267366.0,281461.0,296633.0,318196.0,334906.0,352776.0,386995.0,405136.0
Luwu,252549.0,271804.0,281195.0,305722.0,318911.0,347539.0,359925.0,381015.0,414118.0,433898.0
Luwu Timur,254957.0,277520.0,289214.0,315478.0,333739.0,350576.0,371947.0,394158.0,438178.0,460356.0
Luwu Utara,265822.0,288081.0,299339.0,329967.0,342277.0,354669.0,368716.0,382251.0,414548.0,431980.0
Madiun,277092.0,294451.0,306769.0,327536.0,344994.0,364638.0,380287.0,405127.0,437296.0,460205.0
Magelang,253866.0,271800.0,281237.0,296327.0,325921.0,342430.0,353608.0,377497.0,411129.0,431289.0
Magetan,272972.0,288246.0,297874.0,319909.0,336989.0,354936.0,371182.0,396696.0,431203.0,455119.0
Majalengka,379354.0,393071.0,409559.0,440776.0,445184.0,453201.0,466813.0,483319.0,520713.0,547912.0
Majene,290568.0,320726.0,335248.0,349522.0,360362.0,384344.0,399350.0,433111.0,461255.0,482173.0
Malaka,279799.0,302584.0,321052.0,330899.0,348919.0,371812.0,378824.0,419292.0,458399.0,474853.0
Malang,265629.0,282933.0,294904.0,314550.0,329512.0,338156.0,348695.0,367579.0,399647.0,420334.0
Malinau,473906.0,516247.0,528287.0,539742.0,585654.0,616161.0,650444.0,692605.0,749933.0,791037.0
Maluku Barat Daya,329863.0,352004.0,374816.0,441211.0,468842.0,521899.0,535594.0,586021.0,658036.0,686428.0
Maluku Tengah,391011.0,405118.0,424632.0,431512.0,474224.0,503800.0,515582.0,542782.0,589125.0,614323.0
Maluku Tenggara,331518.0,350661.0,373386.0,436927.0,464649.0,517821.0,549047.0,595041.0,669140.0,695738.0
Mamasa,213369.0,226202.0,239112.0,249103.0,256544.0,273513.0,283758.0,312206.0,329768.0,347008.0
Mamberamo Raya,569859.0,591595.0,658412.0,666886.0,683779.0,727830.0,769848.0,803286.0,834564.0,861147.0
Mamberamo Tengah,316341.0,336736.0,370978.0,375753.0,388619.0,412574.0,449409.0,475436.0,526584.0,713489.0
Mamuju,202167.0,223150.0,241616.0,252429.0,259969.0,277078.0,287896.0,319586.0,340795.0,356903.0
Mamuju Tengah,203120.0,215769.0,226559.0,236699.0,239592.0,255440.0,265413.0,290030.0,309227.0,324888.0
Mandailing Natal,280506.0,304669.0,319777.0,336820.0,356058.0,400721.0,423017.0,450345.0,487436.0,519553.0
Manggarai,264012.0,283439.0,306419.0,311833.0,316910.0,340633.0,371531.0,407261.0,443908.0,454625.0
Manggarai Barat,263746.0,282412.0,304277.0,313380.0,318546.0,340094.0,370943.0,405746.0,444474.0,458834.0
Manggarai Timur,260411.0,276703.0,299530.0,313593.0,318762.0,344642.0,373972.0,411670.0,446504.0,458116.0
Manokwari,502049.0,517296.0,547494.0,575114.0,629074.0,651032.0,663438.0,690028.0,752635.0,802749.0
Manokwari Selatan,506558.0,525241.0,557907.0,578734.0,635595.0,678494.0,686235.0,702674.0,719773.0,734246.0
Mappi,260880.0,273699.0,300400.0,301237.0,330427.0,351801.0,375922.0,402212.0,427352.0,480727.0
Maros,307717.0,336579.0,348726.0,376749.0,405944.0,414324.0,424637.0,450275.0,510040.0,530070.0
Maybrat,292468.0,300860.0,319571.0,335912.0,359500.0,383715.0,396386.0,479977.0,515069.0,565725.0
Melawi,408635.0,431660.0,461462.0,509138.0,534933.0,550535.0,570434.0,602209.0,640608.0,666972.0
Merangin,310997.0,325181.0,347523.0,374250.0,406466.0,440156.0,453696.0,489880.0,537492.0,617011.0
Merauke,294257.0,310420.0,342842.0,345965.0,346502.0,366296.0,387443.0,408710.0,434596.0,484224.0
Mesuji,328859.0,353477.0,360105.0,370497.0,382020.0,423133.0,436653.0,459977.0,525183.0,555729.0
Mimika,597620.0,634370.0,684282.0,762184.0,836301.0,870355.0,936862.0,1002327.0,1056252.0,1099143.0
Minahasa,234223.0,249736.0,255535.0,261388.0,275444.0,285596.0,299072.0,308634.0,338802.0,352693.0
Minahasa Selatan,262940.0,283561.0,296600.0,303738.0,324860.0,336715.0,352603.0,365119.0,394739.0,435428.0
Minahasa Tenggara,277491.0,285791.0,298736.0,305919.0,325896.0,332966.0,346746.0,356988.0,385636.0,402654.0
Minahasa Utara,261951.0,282494.0,294308.0,300764.0,321679.0,333535.0,347938.0,362428.0,391699.0,427412.0
Mojokerto,311022.0,330940.0,345487.0,370610.0,394003.0,406043.0,417784.0,445608.0,486520.0,508618.0
Morowali,343269.0,379001.0,381753.0,402292.0,428744.0,463140.0,478409.0,507523.0,553185.0,590027.0
Morowali Utara,347848.0,379736.0,392811.0,412942.0,441554.0,474170.0,486511.0,519441.0,556204.0,594137.0
Muara Enim,294595.0,316729.0,331554.0,353012.0,367761.0,390342.0,405782.0,426216.0,467396.0,491107.0
Muaro Jambi,245123.0,255918.0,295983.0,353583.0,375372.0,409104.0,425294.0,462035.0,535244.0,617948.0
Mukomuko,333767.0,365084.0,388823.0,411795.0,426737.0,448127.0,464473.0,494426.0,534660.0,566069.0
Muna,269838.0,289049.0,296383.0,314928.0,342948.0,358333.0,368922.0,387114.0,419071.0,434750.0
Murung Raya,378062.0,402682.0,421903.0,442639.0,462334.0,492693.0,510939.0,550105.0,607650.0,646759.0
Musi Banyuasin,381154.0,412591.0,430771.0,466822.0,486476.0,519797.0,537774.0,566393.0,593258.0,594355.0
Musi Rawas,342956.0,377135.0,392740.0,427595.0,437854.0,467766.0,493675.0,524110.0,564151.0,589926.0
Musi Rawas Utara,358721.0,401205.0,417805.0,456844.0,470485.0,504598.0,532273.0,565070.0,604903.0,638089.0
Nabire,486456.0,520951.0,575361.0,579470.0,579753.0,612872.0,665325.0,705953.0,771751.0,833652.0
Nagan Raya,361359.0,374236.0,400811.0,426827.0,446144.0,493121.0,508801.0,544300.0,594374.0,635820.0
Nagekeo,274620.0,292032.0,316717.0,323316.0,328646.0,353481.0,386027.0,422982.0,472041.0,487814.0
Natuna,276828.0,302043.0,332248.0,362519.0,378573.0,408164.0,420503.0,449302.0,480103.0,501927.0
Nduga,239201.0,296287.0,327233.0,331445.0,341566.0,360779.0,392990.0,420185.0,475682.0,654456.0
Ngada,271299.0,291602.0,315778.0,331266.0,336601.0,363531.0,396506.0,435916.0,477840.0,489139.0
Nganjuk,322820.0,341653.0,358216.0,388186.0,408160.0,428882.0,446232.0,474429.0,513565.0,539714.0
Ngawi,250008.0,264706.0,277539.0,301158.0,325235.0,342556.0,358663.0,382301.0,413947.0,445865.0
Nias,287527.0,330111.0,346374.0,353141.0,361698.0,405355.0,428739.0,454570.0,485533.0,520024.0
Nias Barat,307907.0,352570.0,361397.0,386431.0,393450.0,433249.0,458533.0,487469.0,520543.0,556919.0
Nias Selatan,220455.0,238119.0,249225.0,261104.0,279468.0,312453.0,329308.0,350452.0,379929.0,406429.0
Nias Utara,326303.0,370371.0,381696.0,383552.0,390564.0,429836.0,455118.0,474533.0,501443.0,535575.0
Nunukan,327515.0,351479.0,377736.0,403045.0,430630.0,450718.0,479712.0,519231.0,556342.0,597431.0
Ogan Ilir,338911.0,367067.0,386740.0,416098.0,433616.0,469746.0,492537.0,523864.0,571657.0,589012.0
Ogan Komering Ilir,274843.0,295852.0,310341.0,333505.0,347121.0,375837.0,393240.0,416417.0,444881.0,473057.0
Ogan Komering Ulu,328496.0,365341.0,380254.0,415785.0,428200.0,457452.0,481139.0,511887.0,548200.0,563523.0
Ogan Komering Ulu Selatan,247779.0,273594.0,286157.0,310717.0,319333.0,341148.0,359859.0,379854.0,413228.0,436420.0
Ogan Komering Ulu Timur,241731.0,274608.0,285970.0,312340.0,321629.0,343601.0,362446.0,383463.0,410548.0,434534.0
Pacitan,228573.0,239339.0,250942.0,268592.0,283321.0,296271.0,309655.0,327758.0,352606.0,370643.0
Padang Lawas,247594.0,268922.0,281464.0,310569.0,332350.0,367932.0,388404.0,418610.0,449217.0,483395.0
Padang Lawas Utara,256219.0,278290.0,291036.0,321076.0,342885.0,380379.0,401435.0,430944.0,467457.0,502403.0
Padang Pariaman,331676.0,374636.0,385736.0,402960.0,411182.0,455463.0,475342.0,499461.0,548147.0,580392.0
Pakpak Bharat,217919.0,248835.0,256781.0,283258.0,287654.0,311584.0,332644.0,357844.0,384812.0,412759.0
Pamekasan,278093.0,292631.0,302431.0,317144.0,332775.0,357074.0,368259.0,392345.0,431127.0,467493.0
Pandeglang,247073.0,267752.0,285822.0,310859.0,326517.0,361713.0,390754.0,416248.0,455297.0,479886.0
Pangandaran,303646.0,327399.0,342672.0,360960.0,367748.0,382264.0,394101.0,411174.0,447242.0,470068.0
Paniai,388098.0,418520.0,461606.0,465658.0,479877.0,512058.0,556861.0,591595.0,654960.0,711078.0
Parigi Moutong,318088.0,354554.0,366762.0,388440.0,414380.0,444258.0,458385.0,495623.0,531255.0,553012.0
Pasaman,272779.0,307552.0,320478.0,334800.0,347153.0,388726.0,408293.0,431915.0,472703.0,515608.0
Pasaman Barat,329051.0,367159.0,382820.0,402877.0,417742.0,467769.0,492467.0,544829.0,596225.0,657354.0
Paser,363060.0,395803.0,433823.0,455635.0,477440.0,515414.0,527659.0,556371.0,600332.0,634259.0
Pasuruan,292281.0,306311.0,315145.0,331057.0,335653.0,355299.0,368686.0,394016.0,429624.0,450088.0
Pati,347575.0,377442.0,393817.0,414316.0,423922.0,445913.0,458616.0,486855.0,532545.0,559499.0
Pegunungan Arfak,530286.0,552153.0,586493.0,589168.0,628281.0,670687.0,683722.0,706497.0,723662.0,738135.0
Pegunungan Bintang,405665.0,431818.0,455819.0,511229.0,560354.0,580393.0,632210.0,692059.0,766275.0,917115.0
Pekalongan,317796.0,341648.0,354435.0,361297.0,382832.0,403662.0,416779.0,441765.0,480934.0,505520.0
Pelalawan,451528.0,473240.0,487648.0,515581.0,534078.0,585728.0,618738.0,655641.0,689786.0,729977.0
Pemalang,298622.0,319434.0,331584.0,351183.0,372115.0,389209.0,401857.0,429549.0,467204.0,493593.0
Penajam Paser Utara,360245.0,391083.0,426111.0,447539.0,466918.0,499807.0,513666.0,538022.0,583239.0,617673.0
Penukal Abab Lematang Ilir,298117.0,330907.0,346448.0,377160.0,388208.0,412236.0,435379.0,458746.0,487341.0,503822.0
Pesawaran,305540.0,330874.0,347215.0,360909.0,372649.0,403441.0,420032.0,452521.0,491249.0,524588.0
Pesisir Barat,342310.0,371724.0,390885.0,393302.0,407290.0,441917.0,460090.0,496629.0,545538.0,566040.0
Pesisir Selatan,333243.0,366228.0,390955.0,409882.0,431817.0,467743.0,491573.0,526564.0,554057.0,589787.0
Pidie,374031.0,393370.0,408150.0,435873.0,462059.0,493145.0,504452.0,535713.0,579450.0,607117.0
Pidie Jaya,380371.0,399377.0,429966.0,448201.0,455995.0,481308.0,495254.0,523239.0,572452.0,599755.0
Pinrang,234897.0,250163.0,256054.0,280746.0,294349.0,336346.0,345892.0,366808.0,400091.0,414198.0
Pohuwato,222996.0,238364.0,247476.0,263617.0,275240.0,309174.0,327587.0,345924.0,370530.0,391236.0
Polewali Mandar,305462.0,337138.0,351856.0,366355.0,376827.0,401057.0,416443.0,452836.0,482658.0,507347.0
Ponorogo,251525.0,266312.0,279168.0,297467.0,313175.0,326205.0,341090.0,362461.0,395069.0,413619.0
Poso,378190.0,416003.0,429161.0,449834.0,477801.0,515435.0,530022.0,561276.0,599881.0,620267.0
Pringsewu,350883.0,379279.0,398830.0,408174.0,422691.0,458627.0,475983.0,511679.0,555787.0,583425.0
Probolinggo,355051.0,373569.0,384343.0,402532.0,417991.0,441258.0,451395.0,475713.0,514274.0,537724.0
Pulang Pisau,314673.0,335165.0,347878.0,349978.0,365674.0,395989.0,411258.0,454933.0,507058.0,542349.0
Pulau Morotai,211627.0,229343.0,236532.0,249242.0,265761.0,276746.0,291879.0,301712.0,379931.0,428136.0
Pulau Taliabu,286373.0,331968.0,342401.0,360955.0,387664.0,401710.0,425241.0,448735.0,491203.0,525953.0
Puncak,517396.0,545506.0,602481.0,611369.0,630074.0,664865.0,721541.0,754778.0,836828.0,888666.0
Puncak Jaya,497583.0,526756.0,581537.0,589022.0,604945.0,639503.0,708658.0,744762.0,823079.0,879631.0
Purbalingga,283366.0,301862.0,313343.0,324735.0,355702.0,375199.0,384183.0,407849.0,439208.0,460870.0
Purwakarta,296477.0,312499.0,325607.0,352061.0,367273.0,378287.0,387754.0,403663.0,434187.0,467948.0
Purworejo,294158.0,313931.0,325871.0,335995.0,345458.0,364289.0,376127.0,393731.0,427622.0,459253.0
Raja Ampat,282739.0,305019.0,317416.0,326050.0,347203.0,374488.0,388021.0,464797.0,557107.0,629473.0
Rejang Lebong,346981.0,382027.0,408680.0,434643.0,449999.0,472555.0,487490.0,530029.0,566433.0,595125.0
Rembang,314596.0,338986.0,354440.0,365443.0,384561.0,403932.0,414977.0,441482.0,477514.0,518607.0
Rokan Hilir,317220.0,345953.0,367338.0,371067.0,388701.0,418473.0,437398.0,465614.0,511610.0,545799.0
Rokan Hulu,384226.0,420884.0,446901.0,467343.0,488401.0,532643.0,551351.0,585225.0,647599.0,699018.0
Rote Ndao,255551.0,279079.0,283704.0,287867.0,305166.0,322619.0,341135.0,372179.0,410491.0,426843.0
Sabu Raijua,310381.0,332332.0,354983.0,368187.0,374256.0,403846.0,438492.0,480844.0,526831.0,549947.0
Sambas,329993.0,345066.0,369202.0,407346.0,427240.0,438062.0,451173.0,472079.0,498209.0,528017.0
Samosir,242263.0,271619.0,287857.0,299640.0,315825.0,341843.0,370082.0,396267.0,425875.0,455397.0
Sampang,284928.0,296268.0,307606.0,325825.0,346075.0,374908.0,391032.0,411661.0,454716.0,491753.0
Sanggau,250928.0,265067.0,283608.0,312909.0,328763.0,346983.0,363714.0,395305.0,416112.0,440303.0
Sarmi,377926.0,399291.0,421484.0,472720.0,518491.0,535586.0,554491.0,584626.0,633124.0,653436.0
Sarolangun,370205.0,386460.0,393344.0,403411.0,424223.0,459092.0,472866.0,497951.0,545939.0,607306.0
Sekadau,256452.0,269324.0,288162.0,313930.0,329835.0,339456.0,351726.0,370836.0,392195.0,414782.0
Seluma,303713.0,332483.0,355680.0,377647.0,386321.0,400090.0,414446.0,444931.0,478617.0,502739.0
Semarang,286918.0,307505.0,317935.0,341576.0,377674.0,404455.0,416395.0,459151.0,498952.0,520639.0
Seram Bagian Barat,320963.0,334729.0,350853.0,359085.0,394628.0,419793.0,427355.0,449297.0,486747.0,508517.0
Seram Bagian Timur,311770.0,319266.0,334645.0,341261.0,375040.0,398430.0,403573.0,421902.0,458176.0,478721.0
Serang,232856.0,256660.0,269652.0,294829.0,309036.0,341074.0,362102.0,385864.0,425751.0,449291.0
Serdang Bedagai,301639.0,336478.0,350892.0,361623.0,382283.0,416991.0,448372.0,478072.0,503955.0,518209.0
Seruyan,357090.0,387592.0,415798.0,428539.0,454971.0,504264.0,529892.0,571049.0,608186.0,642281.0
Siak,363879.0,391039.0,414501.0,431814.0,443868.0,473128.0,489467.0,518768.0,558867.0,595659.0
Siau Tagulandang Biaro,245388.0,264632.0,276800.0,284021.0,302736.0,312581.0,327263.0,339250.0,370423.0,388056.0
Sidenreng Rappang,255135.0,271301.0,276558.0,299332.0,312800.0,349452.0,360591.0,383134.0,421321.0,458509.0
Sidoarjo,371947.0,394401.0,414479.0,437899.0,462738.0,486421.0,502524.0,523213.0,571696.0,597284.0
Sigi,251721.0,283227.0,299261.0,316949.0,344631.0,370788.0,382579.0,409679.0,445106.0,463011.0
Sijunjung,309209.0,344153.0,365074.0,379046.0,400861.0,433147.0,455346.0,484572.0,529460.0,565067.0
Sikka,247641.0,266257.0,288332.0,298357.0,301994.0,324775.0,354234.0,389455.0,428352.0,434074.0
Simalungun,283234.0,315947.0,331860.0,342477.0,359540.0,387549.0,416714.0,441744.0,467926.0,496959.0
Simeulue,311351.0,326563.0,350622.0,368068.0,404739.0,444754.0,458896.0,493303.0,538693.0,576505.0
Sinjai,231732.0,240245.0,250551.0,281301.0,294916.0,329819.0,352490.0,374226.0,397562.0,412441.0
Sintang,421877.0,446381.0,477604.0,551704.0,556885.0,573128.0,593844.0,620670.0,644010.0,670853.0
Situbondo,254656.0,270406.0,276924.0,294209.0,305280.0,322527.0,336040.0,356133.0,396587.0,413611.0
Sleman,318312.0,334406.0,351331.0,370127.0,382868.0,411610.0,422933.0,450763.0,491652.0,513926.0
Solok,339088.0,376748.0,400887.0,408570.0,415649.0,451906.0,461030.0,484358.0,532900.0,569605.0
Solok Selatan,292292.0,326733.0,347667.0,364498.0,387438.0,419442.0,438187.0,470090.0,516004.0,551340.0
Soppeng,213164.0,220192.0,225936.0,253457.0,297546.0,315455.0,341484.0,365650.0,398802.0,411958.0
Sorong,290375.0,316088.0,329106.0,339187.0,357900.0,379951.0,388166.0,466380.0,559363.0,631729.0
Sorong Selatan,263877.0,286318.0,297684.0,306803.0,323369.0,347898.0,358864.0,422694.0,506944.0,579310.0
Sragen,263199.0,283649.0,292544.0,312106.0,335334.0,348890.0,363349.0,389265.0,426482.0,453663.0
Subang,295174.0,303583.0,316317.0,331557.0,339607.0,351885.0,360691.0,372308.0,404320.0,434161.0
Sukabumi,260068.0,270055.0,284603.0,302213.0,309676.0,328284.0,342094.0,357636.0,392705.0,416751.0
Sukamara,384739.0,418026.0,427101.0,442086.0,469353.0,522601.0,568578.0,619116.0,648534.0,676781.0
Sukoharjo,303030.0,327217.0,337037.0,345363.0,377319.0,393776.0,410273.0,434318.0,476675.0,501693.0
Sumba Barat,274779.0,290944.0,315066.0,326334.0,331713.0,358252.0,364361.0,395592.0,422382.0,441428.0
Sumba Barat Daya,287622.0,313705.0,338742.0,350906.0,355252.0,383674.0,390217.0,432375.0,475879.0,494229.0
Sumba Tengah,233078.0,250589.0,271365.0,280425.0,285048.0,307853.0,311199.0,341513.0,362089.0,381760.0
Sumba Timur,274969.0,295684.0,320199.0,331295.0,343589.0,370487.0,375859.0,414832.0,443502.0,460384.0
Sumbawa,272274.0,296914.0,300643.0,320617.0,340254.0,369115.0,376307.0,404396.0,441977.0,477774.0
Sumbawa Barat,408991.0,435890.0,444465.0,459065.0,468122.0,489863.0,499013.0,518619.0,565599.0,611142.0
Sumedang,281649.0,295009.0,307394.0,334743.0,342073.0,353092.0,360054.0,371870.0,396573.0,422714.0
Sumenep,284756.0,301781.0,313330.0,340033.0,357473.0,382491.0,400960.0,427882.0,471860.0,506569.0
Supiori,381346.0,388523.0,429102.0,434625.0,447524.0,471401.0,498615.0,526482.0,554954.0,587783.0
Tabalong,368924.0,406669.0,430129.0,446765.0,463980.0,531180.0,542800.0,573018.0,615912.0,637132.0
Tabanan,365022.0,392479.0,412561.0,422345.0,425926.0,450571.0,488750.0,522520.0,562801.0,601963.0
Takalar,278538.0,286537.0,299721.0,335989.0,356973.0,364378.0,380564.0,399062.0,428941.0,455793.0
Tambrauw,290732.0,291576.0,308298.0,329708.0,362884.0,393268.0,399421.0,485342.0,528817.0,579473.0
Tana Tidung,326201.0,354012.0,366856.0,376876.0,406949.0,425348.0,440599.0,462898.0,490400.0,518696.0
Tana Toraja,238838.0,251452.0,261573.0,299570.0,316911.0,336877.0,350220.0,366753.0,399202.0,418308.0
Tanah Bumbu,370670.0,408481.0,427852.0,451714.0,475763.0,513803.0,530568.0,557500.0,619249.0,643652.0
Tanah Datar,306560.0,346267.0,361037.0,369833.0,379041.0,420049.0,441793.0,466907.0,515587.0,554665.0
Tanah Laut,354481.0,400757.0,425152.0,447212.0,480010.0,522845.0,537854.0,575061.0,620532.0,670062.0
Tangerang,372431.0,405902.0,423486.0,451325.0,476636.0,520742.0,545065.0,576122.0,604362.0,632941.0
Tanggamus,309569.0,332302.0,341443.0,351167.0,359580.0,397984.0,410510.0,430697.0,463925.0,496000.0
Tanjung Jabung Barat,286671.0,303479.0,314436.0,348495.0,364012.0,396113.0,409631.0,453956.0,499318.0,575337.0
Tanjung Jabung Timur,301563.0,322389.0,338963.0,361574.0,374735.0,392778.0,406772.0,468201.0,514905.0,592432.0
Tapanuli Selatan,300449.0,326321.0,340065.0,343407.0,364798.0,397363.0,420431.0,445612.0,480834.0,512480.0
Tapanuli Tengah,307710.0,353753.0,367687.0,369471.0,376474.0,406646.0,429050.0,450940.0,489760.0,527227.0
Tapanuli Utara,291893.0,325606.0,344644.0,357464.0,377948.0,406813.0,437428.0,466316.0,499881.0,531593.0
Tapin,330033.0,369153.0,390488.0,405591.0,406367.0,446577.0,459160.0,484113.0,516532.0,561101.0
Tasikmalaya,255540.0,274470.0,284462.0,306759.0,311848.0,323880.0,333909.0,347917.0,378958.0,400148.0
Tebo,315053.0,338160.0,363698.0,379390.0,404473.0,435523.0,448461.0,485883.0,528310.0,590573.0
Tegal,282861.0,308270.0,319758.0,332298.0,365334.0,390520.0,404655.0,434638.0,470728.0,497315.0
Teluk Bintuni,541295.0,549169.0,583323.0,587770.0,644838.0,683667.0,693305.0,716834.0,787048.0,794285.0
Teluk Wondama,446542.0,456709.0,488233.0,508345.0,557702.0,588838.0,597676.0,614573.0,659187.0,710854.0
Temanggung,248866.0,268730.0,277707.0,287981.0,310176.0,323705.0,336034.0,354012.0,388369.0,416086.0
Timor Tengah Selatan,254454.0,276727.0,293617.0,302124.0,318986.0,338099.0,344239.0,382167.0,420783.0,436707.0
Timor Tengah Utara,290296.0,316487.0,335517.0,343965.0,363162.0,386990.0,394818.0,440155.0,485744.0,499772.0
Tojo Una-Una,362840.0,404437.0,417508.0,442186.0,472245.0,504889.0,521534.0,547910.0,597788.0,622000.0
Toli-Toli,244472.0,272499.0,281882.0,299052.0,317448.0,343770.0,354427.0,378317.0,405556.0,441975.0
Tolikara,218759.0,228288.0,252132.0,371589.0,382936.0,404812.0,441994.0,472692.0,525770.0,675908.0
Toraja Utara,367325.0,393478.0,408827.0,309806.0,314426.0,328096.0,348611.0,364343.0,395731.0,413029.0
Trenggalek,260133.0,275426.0,288779.0,308644.0,323787.0,340915.0,358831.0,381448.0,411527.0,434146.0
Tuban,277599.0,294543.0,308822.0,328268.0,348503.0,371465.0,388176.0,421287.0,454336.0,488131.0
Tulang Bawang Barat,329796.0,358939.0,370332.0,384933.0,391096.0,432693.0,447327.0,476712.0,511418.0,544020.0
Tulangbawang,337167.0,362185.0,373681.0,384465.0,393676.0,438744.0,456567.0,486739.0,522396.0,560324.0
Tulungagung,292483.0,304518.0,314532.0,328640.0,341651.0,362213.0,374183.0,391888.0,423875.0,447793.0
Wajo,253164.0,258821.0,264376.0,297121.0,311017.0,350765.0,361181.0,375022.0,402351.0,431291.0
Wakatobi,218939.0,234351.0,239819.0,256308.0,278929.0,294440.0,302511.0,319981.0,340151.0,355748.0
Waropen,536760.0,567808.0,627112.0,632478.0,655060.0,691544.0,731467.0,769979.0,810167.0,835594.0
Way Kanan,291207.0,313733.0,323691.0,333033.0,341012.0,377712.0,389088.0,409522.0,433471.0,464717.0
Wonogiri,252903.0,275507.0,284710.0,293357.0,327364.0,341643.0,356728.0,376763.0,414901.0,443563.0
Wonosobo,275180.0,297422.0,308553.0,323490.0,340827.0,362683.0,373474.0,399180.0,425105.0,456351.0
Yahukimo,303586.0,320783.0,338613.0,379628.0,414936.0,428433.0,466113.0,496222.0,549772.0,718084.0
Yalimo,270455.0,286170.0,316059.0,320971.0,330040.0,347171.0,378167.0,395868.0,434256.0,600536.0
