kabupaten_kota,ipm_2015,ipm_2016,ipm_2017,ipm_2018,ipm_2019,ipm_2020,ipm_2021,ipm_2022,ipm_2023,ipm_2024
Aceh Barat,68.41,69.26,70.2,70.47,71.22,71.38,71.67,72.34,72.88,73.69
Aceh Barat Daya,63.77,64.57,65.09,65.67,66.56,66.75,66.99,67.41,68.07,68.75
Aceh Besar,71.7,71.75,72.0,72.73,73.55,73.56,73.58,74.0,74.53,75.13
Aceh Jaya,67.53,67.7,68.07,68.83,69.74,69.75,69.84,70.36,70.88,71.83
Aceh Selatan,63.28,64.13,65.03,65.92,66.9,67.12,67.44,67.87,68.44,69.1
Aceh Singkil,66.05,66.96,67.37,68.02,68.91,68.94,69.22,69.62,70.14,70.75
Aceh Tamiang,67.03,67.41,67.99,68.45,69.23,69.24,69.48,70.43,71.35,72.32
Aceh Tengah,71.51,72.04,72.19,72.64,73.14,73.24,73.37,73.95,74.6,75.41
Aceh Tenggara,66.77,67.48,68.09,68.67,69.36,69.37,69.44,70.32,71.05,71.7
Aceh Timur,64.55,65.42,66.32,66.82,67.39,67.63,67.83,68.72,69.32,69.87
Aceh Utara,66.85,67.19,67.67,68.36,69.22,69.33,69.46,70.22,70.87,71.7
Agam,69.84,70.36,71.1,71.7,72.37,72.46,72.57,73.29,73.98,74.66
Alor,58.5,58.99,59.61,60.14,61.03,61.33,61.37,62.26,62.99,63.82
Asahan,68.4,68.71,69.1,69.49,69.92,70.29,70.49,71.13,71.56,72.09
Asmat,46.62,47.31,48.49,49.37,50.37,50.55,51.29,52.22,53.19,53.92
Badung,78.86,79.8,80.54,80.87,81.59,81.6,81.83,82.13,83.08,83.87
Balangan,65.34,66.25,67.25,67.88,68.39,68.82,69.11,69.73,70.49,71.34
Bandung,70.05,70.69,71.02,71.75,72.41,72.39,72.73,73.16,73.74,74.27
Bandung Barat,65.23,65.81,66.63,67.46,68.27,68.08,68.29,69.04,69.61,70.03
Banggai,67.44,68.17,69.0,69.85,70.36,70.52,70.6,71.08,71.7,72.32
Banggai Kepulauan,62.97,63.45,64.07,64.68,65.13,65.42,65.61,66.08,66.82,67.43
Banggai Laut,62.9,63.49,64.08,64.8,65.27,65.43,65.65,66.22,66.93,67.43
Bangka,70.03,70.43,71.09,71.8,72.39,72.4,72.46,72.95,73.66,73.98
Bangka Barat,67.23,67.6,67.94,68.68,69.05,69.08,69.6,70.12,70.45,70.67
Bangka Selatan,63.89,64.57,65.02,65.98,66.54,66.9,67.06,67.95,68.51,68.86
Bangka Tengah,68.66,68.76,68.99,69.52,70.33,70.45,70.89,71.4,71.71,71.9
Bangkalan,61.49,62.06,62.3,62.87,63.79,64.11,64.36,65.05,65.75,66.27
Bangli,66.24,67.03,68.24,68.96,69.35,69.36,69.37,70.26,70.79,71.34
Banjar,66.39,66.87,67.77,68.32,68.94,69.18,69.89,70.72,71.46,71.87
Banjarnegara,64.73,65.52,65.86,66.54,67.34,67.45,67.86,68.61,69.14,69.6
Bantaeng,66.2,66.59,67.27,67.76,68.3,68.73,68.99,69.69,70.57,71.48
Bantul,77.99,78.42,78.67,79.45,80.01,80.01,80.28,80.69,81.39,81.74
Banyu Asin,64.15,65.01,65.85,66.4,66.9,66.74,67.13,67.93,68.65,69.51
Banyumas,69.89,70.49,70.75,71.3,71.96,71.98,72.44,73.17,73.86,74.52
Banyuwangi,68.08,69.0,69.64,70.06,70.6,70.62,71.38,71.94,72.61,73.11
Barito Kuala,63.53,64.33,64.93,65.91,66.24,66.22,66.64,67.37,68.11,68.84
Barito Selatan,68.27,69.0,69.25,69.73,70.1,70.22,70.54,71.01,71.65,72.36
Barito Timur,69.71,70.33,70.57,70.82,71.34,71.39,71.47,72.07,72.7,73.26
Barito Utara,67.38,68.28,69.07,69.72,70.52,70.59,70.79,71.21,71.84,72.31
Barru,68.64,69.07,69.56,70.05,70.6,71.0,71.13,71.53,72.36,73.06
Batang,65.46,66.38,67.35,67.86,68.42,68.65,68.92,69.45,70.2,70.74
Batang Hari,68.05,68.7,68.92,69.33,69.67,69.84,70.11,70.51,71.02,71.67
Batu Bara,66.02,66.69,67.2,67.67,68.35,68.36,68.58,69.51,70.31,70.83
Bekasi,71.19,71.83,72.63,73.49,73.99,74.07,74.45,75.22,75.76,76.44
Belitung,70.29,70.81,70.93,71.7,72.46,72.51,72.57,73.38,74.02,74.47
Belitung Timur,68.83,69.3,69.57,70.22,70.84,70.92,71.42,72.29,72.86,73.19
Belu,60.54,61.04,61.44,61.86,62.54,62.68,62.77,63.22,63.83,64.43
Bener Meriah,70.62,71.42,71.89,72.14,72.97,72.98,73.27,73.9,74.49,75.01
Bengkalis,71.29,71.98,72.27,72.94,73.44,73.46,73.58,74.38,74.97,75.28
Bengkayang,64.65,65.45,65.99,66.85,67.57,67.87,68.04,68.74,69.53,70.3
Bengkulu Selatan,68.57,68.71,69.04,69.85,70.27,70.63,70.75,71.42,71.91,72.35
Bengkulu Tengah,64.68,65.44,65.8,66.65,67.3,67.61,67.96,68.47,68.99,69.84
Bengkulu Utara,67.46,67.63,67.8,68.36,68.8,68.82,69.28,69.77,70.28,71.11
Berau,72.72,73.05,73.56,74.01,74.88,74.71,75.2,75.74,76.21,76.66
Biak Numfor,70.85,71.13,71.56,71.96,72.57,72.19,72.33,72.85,73.46,73.98
Bima,63.48,64.15,65.01,65.62,66.37,66.3,66.66,67.57,68.28,68.94
Bintan,71.92,72.38,72.91,73.41,73.98,74.13,74.57,74.99,75.7,76.18
Bireuen,69.77,70.21,71.11,71.37,72.27,72.28,72.33,73.16,73.63,74.45
Blitar,68.13,68.88,69.33,69.93,70.57,70.58,71.05,71.86,72.49,73.09
Blora,66.22,66.61,67.52,67.95,68.65,68.84,69.37,69.95,70.63,71.39
Boalemo,62.86,63.42,64.22,64.99,65.53,65.91,66.42,67.27,68.18,68.74
Bogor,67.77,68.32,69.13,69.69,70.65,70.4,70.6,71.2,71.78,72.39
Bojonegoro,66.17,66.73,67.28,67.85,68.75,69.04,69.59,70.12,70.85,71.78
Bolaang Mongondow,65.03,65.73,66.08,66.91,67.82,67.89,68.16,68.95,69.62,70.29
Bolaang Mongondow Selatan,63.72,63.92,64.05,64.49,65.28,65.0,65.42,65.9,66.4,67.14
Bolaang Mongondow Timur,63.81,64.44,64.73,65.21,66.08,65.99,66.55,67.21,67.95,68.53
Bolaang Mongondow Utara,64.46,65.16,65.6,66.32,66.91,66.99,67.39,68.06,68.64,69.32
Bombana,63.65,64.02,64.49,65.04,65.65,66.05,66.25,66.81,67.43,68.15
Bondowoso,63.95,64.52,64.75,65.27,66.09,66.43,66.59,67.31,67.99,68.65
Bone,63.11,63.86,64.16,65.04,65.67,66.06,66.4,67.01,67.81,68.36
Bone Bolango,66.83,67.48,68.11,69.06,69.63,69.98,70.25,70.9,71.51,72.38
Boven Digoel,59.02,59.35,60.14,60.83,61.51,61.53,61.62,62.52,63.46,64.26
Boyolali,71.74,72.18,72.64,73.22,73.8,74.25,74.4,74.97,75.41,75.96
Brebes,63.18,63.98,64.86,65.68,66.12,66.11,66.32,67.03,67.95,68.46
Buleleng,70.03,70.65,71.11,71.7,72.3,72.55,72.56,73.45,73.97,74.52
Bulukumba,65.58,66.46,67.08,67.7,68.28,68.99,69.62,70.34,71.21,71.97
Bulungan,69.37,69.88,70.74,71.23,71.66,71.1,71.8,72.08,72.72,73.34
Bungo,68.34,68.77,69.04,69.42,69.86,69.92,70.15,70.55,71.06,71.92
Buol,65.61,66.37,66.69,67.3,67.69,67.82,68.25,68.72,69.57,70.28
Buru,65.75,66.63,67.61,68.25,68.91,68.95,69.33,69.94,70.56,71.01
Buru Selatan,61.48,62.19,62.75,63.62,64.42,64.69,64.8,65.37,66.23,67.09
Buton,62.78,63.69,64.47,65.08,65.67,65.98,66.32,67.23,68.12,68.88
Buton Utara,65.23,65.95,66.4,67.13,67.68,67.87,68.08,69.0,69.7,70.6
Ciamis,68.02,68.45,68.87,69.63,70.39,70.49,70.93,71.45,72.05,72.56
Cianjur,62.42,62.92,63.7,64.62,65.38,65.36,65.56,65.94,66.55,67.24
Cilacap,67.77,68.6,68.9,69.56,69.98,69.95,70.42,70.99,71.83,72.38
Cirebon,66.07,66.7,67.39,68.05,68.69,68.75,69.12,70.06,70.95,71.44
Dairi,69.0,69.61,70.36,70.89,71.42,71.57,71.84,72.56,73.27,73.92
Deiyai,48.28,48.5,49.07,49.55,50.11,49.46,49.96,50.42,51.18,52.07
Deli Serdang,72.79,73.51,73.94,74.92,75.43,75.44,75.53,76.19,76.52,76.92
Demak,69.75,70.1,70.41,71.26,71.87,72.22,72.57,73.36,74.07,74.57
Dharmasraya,69.84,70.25,70.4,70.86,71.52,71.51,71.76,72.3,73.04,74.06
Dogiyai,52.78,53.32,54.04,54.44,55.41,54.84,55.0,55.72,56.7,57.68
Dompu,64.56,65.48,66.33,66.97,67.83,67.84,68.45,69.15,69.98,70.78
Donggala,63.82,64.42,64.66,65.14,65.49,65.56,65.72,66.25,66.95,67.45
Empat Lawang,63.55,64.0,64.21,64.81,65.1,65.25,65.39,66.0,66.68,67.25
Ende,65.54,65.74,66.11,66.62,67.2,67.04,67.3,67.97,68.63,69.11
Enrekang,70.03,70.79,71.44,72.15,72.66,72.76,72.91,73.39,73.89,74.61
Fakfak,64.92,65.55,66.09,66.99,67.87,68.36,68.52,69.12,69.72,70.39
Flores Timur,61.24,61.9,62.89,63.55,64.34,64.22,64.22,64.93,65.79,66.29
Garut,63.21,63.64,64.52,65.42,66.22,66.12,66.45,67.41,68.11,68.79
Gayo Lues,63.67,64.26,65.01,65.88,66.87,67.22,67.56,68.25,68.93,69.83
Gianyar,75.03,75.7,76.09,76.71,77.14,77.36,77.7,78.39,79.24,79.82
Gorontalo,63.63,64.22,64.95,65.78,66.69,66.92,67.34,68.28,69.09,69.66
Gorontalo Utara,62.55,63.02,63.52,64.06,64.52,64.86,65.21,66.01,66.61,67.46
Gowa,66.87,67.7,68.33,68.87,69.66,70.14,70.29,70.99,71.57,72.26
Gresik,73.57,74.46,74.84,75.28,76.1,76.11,76.5,77.16,77.98,78.45
Grobogan,68.05,68.52,68.87,69.32,69.86,69.87,70.41,70.97,71.49,72.02
Gunung Kidul,67.41,67.82,68.73,69.24,69.96,69.98,70.16,70.96,71.24,71.89
Gunung Mas,69.24,69.73,69.95,70.23,70.65,70.81,71.03,71.4,72.09,72.73
Halmahera Barat,62.97,63.83,64.19,64.54,65.34,65.31,65.56,66.2,66.91,67.53
Halmahera Selatan,61.26,62.17,62.64,63.39,64.11,63.84,64.19,65.06,65.83,66.66
Halmahera Tengah,62.07,63.05,63.89,64.66,65.55,65.42,65.82,66.49,67.48,68.45
Halmahera Timur,63.99,64.92,65.77,66.2,66.74,66.75,67.0,67.93,68.82,69.58
Halmahera Utara,65.04,66.02,66.52,67.3,67.75,67.5,67.82,68.38,69.05,69.78
Hulu Sungai Selatan,66.31,67.52,67.8,68.41,68.8,68.85,69.21,69.76,70.5,71.21
Hulu Sungai Tengah,66.56,67.07,67.78,68.32,68.8,68.84,69.05,69.7,70.13,70.69
Hulu Sungai Utara,62.49,63.38,64.21,65.06,65.49,65.59,66.12,66.84,67.66,68.28
Humbang Hasundutan,66.03,66.56,67.3,67.96,68.83,68.87,69.41,70.32,70.75,71.59
Indragiri Hilir,64.8,65.35,66.17,66.51,66.84,66.54,66.63,67.37,67.98,68.38
Indragiri Hulu,68.0,68.67,68.97,69.66,70.05,69.83,70.01,70.46,71.04,71.48
Indramayu,64.36,64.78,65.58,66.36,66.97,67.29,67.64,68.55,69.25,69.83
Intan Jaya,44.35,44.82,45.68,46.55,47.51,47.79,48.34,49.25,50.19,50.71
Jayapura,70.04,70.5,70.97,71.25,71.84,71.69,72.03,72.67,73.5,74.11
Jayawijaya,54.18,54.96,55.99,56.82,57.79,58.03,58.67,59.6,60.5,61.03
Jember,63.04,64.01,64.96,65.96,66.69,67.11,67.32,67.97,68.64,69.15
Jembrana,69.66,70.38,70.72,71.65,72.35,72.36,72.75,73.58,74.04,74.6
Jeneponto,61.61,61.81,62.67,63.33,64.0,64.26,64.56,65.13,65.9,66.38
Jepara,70.02,70.25,70.79,71.38,71.88,71.99,72.36,73.15,73.85,74.32
Jombang,69.59,70.03,70.88,71.86,72.85,72.97,73.45,74.05,74.6,75.1
Kaimana,61.33,62.15,62.74,63.67,64.59,65.0,65.31,66.11,66.72,67.6
Kampar,71.28,71.39,72.19,72.5,73.15,72.83,73.02,73.84,74.24,74.85
Kapuas,66.07,66.98,68.04,68.68,69.38,69.48,69.63,70.01,70.75,71.32
Kapuas Hulu,63.73,63.83,64.18,65.03,65.65,65.69,65.75,66.7,67.67,68.58
Karanganyar,74.26,74.9,75.22,75.54,75.89,75.86,75.99,76.58,77.31,78.11
Karawang,67.66,68.19,69.17,69.89,70.86,70.66,70.94,71.74,72.35,72.9
Karimun,69.21,69.84,70.26,70.56,71.1,71.44,71.7,72.65,73.51,74.28
Karo,72.69,73.29,73.53,73.91,74.25,74.43,74.83,75.36,75.98,76.55
Katingan,66.81,67.41,67.56,67.91,68.55,68.68,68.89,69.74,70.28,70.7
Kaur,64.47,64.95,65.28,66.2,66.78,66.99,67.17,67.77,68.38,68.98
Kayong Utara,60.09,60.87,61.52,61.82,62.66,62.68,62.9,63.81,64.79,65.74
Kebumen,66.87,67.41,68.29,68.8,69.6,69.81,70.05,70.79,71.37,71.93
Kediri,68.91,69.87,70.47,71.07,71.85,72.05,72.56,73.46,73.96,74.44
Keerom,63.43,64.1,64.99,65.75,66.59,66.4,66.49,67.24,68.08,68.68
Kendal,69.57,70.11,70.62,71.28,71.97,72.29,72.5,73.19,73.86,74.34
Kepahiang,65.45,66.35,66.6,67.14,67.67,68.17,68.62,69.09,69.6,70.27
Kepulauan Anambas,65.86,66.3,67.06,67.53,68.48,68.8,69.23,69.61,70.26,70.93
Kepulauan Aru,60.5,61.32,62.13,63.12,63.64,63.71,63.83,64.21,65.01,65.83
Kepulauan Mentawai,57.41,58.27,59.25,60.28,61.26,61.09,61.35,62.19,63.13,63.99
Kepulauan Meranti,63.25,63.9,64.7,65.23,65.93,65.5,65.7,66.52,67.28,67.92
Kepulauan Sangihe,67.56,68.52,69.14,69.67,70.53,70.73,71.07,71.63,72.22,72.71
Kepulauan Selayar,64.32,64.95,65.39,66.04,66.91,67.38,67.76,68.35,69.2,70.03
Kepulauan Sula,60.5,61.25,62.04,62.96,63.64,63.53,63.8,64.7,65.29,65.99
Kepulauan Talaud,66.92,67.58,67.74,68.32,68.97,69.4,69.83,70.43,71.14,71.77
Kepulauan Yapen,65.28,65.55,66.07,67.0,67.76,67.66,67.72,68.41,69.11,69.65
Kerinci,68.89,69.68,70.03,70.59,70.95,71.21,71.45,71.99,72.54,73.11
Ketapang,64.03,64.74,65.71,66.41,67.16,67.17,67.43,67.92,68.68,69.42
Klaten,73.81,73.97,74.25,74.79,75.29,75.56,76.12,76.95,77.59,78.16
Klungkung,68.98,69.31,70.13,70.9,71.71,71.73,71.75,72.55,73.11,74.04
Kolaka,70.47,71.12,71.46,72.07,73.01,73.45,73.56,73.98,74.72,75.18
Kolaka Timur,62.74,63.6,64.55,65.53,66.49,67.02,67.76,68.73,69.57,70.27
Kolaka Utara,66.9,67.6,67.77,68.44,68.91,69.31,69.5,70.39,71.04,71.7
Konawe,69.56,69.84,70.24,70.72,71.29,71.35,71.48,72.04,72.77,73.39
Konawe Kepulauan,61.72,62.56,63.44,64.36,65.05,65.41,65.73,66.69,67.32,67.99
Konawe Selatan,66.32,66.97,67.23,67.51,67.88,68.2,68.58,69.36,70.32,71.19
Konawe Utara,66.44,67.2,67.71,68.5,69.22,69.86,70.23,71.1,71.71,72.32
Kota Ambon,79.3,79.55,79.82,80.24,80.81,80.84,81.23,81.63,82.06,82.56
Kota Balikpapan,78.18,78.57,79.01,79.81,80.11,80.01,80.71,81.13,81.66,82.24
Kota Banda Aceh,83.25,83.73,83.95,84.37,85.07,85.41,85.71,86.28,86.69,87.17
Kota Bandar Lampung,74.81,75.34,75.98,76.63,77.33,77.44,77.58,78.01,78.56,79.19
Kota Bandung,79.67,80.13,80.31,81.06,81.62,81.51,81.96,82.5,83.04,83.52
Kota Banjar,69.31,70.09,70.79,71.25,71.75,71.7,71.92,72.55,73.08,73.64
Kota Banjar Baru,77.56,77.96,78.32,78.83,79.22,79.1,79.26,79.68,80.11,80.51
Kota Banjarmasin,75.41,75.94,76.46,76.83,77.16,77.1,77.57,77.97,78.5,79.05
Kota Batam,79.34,79.79,80.26,80.54,81.09,81.11,81.12,81.67,82.11,82.86
Kota Batu,72.62,73.57,74.26,75.04,75.88,75.9,76.28,77.22,78.18,78.79
Kota Baubau,73.59,73.99,74.14,74.67,75.21,75.9,76.26,76.67,77.52,78.13
Kota Bekasi,79.63,79.95,80.3,81.04,81.59,81.5,81.95,82.46,83.03,83.54
Kota Bengkulu,77.16,77.94,78.82,79.67,80.35,80.36,80.54,80.99,81.45,82.04
Kota Bima,72.99,73.67,74.36,75.04,75.8,75.81,76.11,76.84,77.36,78.04
Kota Binjai,73.81,74.11,74.65,75.21,75.89,75.89,76.01,76.95,77.6,78.1
Kota Bitung,71.64,72.43,72.94,73.27,74.2,74.1,74.2,74.7,75.11,75.71
Kota Blitar,76.0,76.71,77.1,77.58,78.56,78.57,78.98,79.93,80.63,81.27
Kota Bogor,73.65,74.5,75.16,75.66,76.23,76.11,76.59,77.17,77.85,78.52
Kota Bontang,78.78,78.92,79.47,79.86,80.09,80.02,80.59,80.94,81.56,82.42
Kota Bukittinggi,78.72,79.11,79.8,80.11,80.71,80.58,80.7,81.42,81.78,82.51
Kota Cilegon,71.81,72.04,72.29,72.65,73.01,73.05,73.35,73.95,74.54,75.14
Kota Cimahi,76.42,76.69,76.95,77.56,78.11,77.83,78.06,78.77,79.46,80.08
Kota Cirebon,73.34,73.7,74.0,74.35,74.92,74.89,75.25,75.89,76.46,77.08
Kota Denpasar,82.24,82.58,83.01,83.3,83.68,83.93,84.03,84.37,84.73,85.22
Kota Depok,79.11,79.6,79.83,80.29,80.82,80.97,81.37,81.86,82.38,82.91
Kota Dumai,72.2,72.96,73.46,74.06,74.64,74.4,74.75,75.26,75.66,76.19
Kota Gorontalo,75.62,75.75,76.09,76.53,77.08,77.13,77.41,78.22,78.64,79.18
Kota Gunungsitoli,66.41,66.85,67.68,68.33,69.3,69.31,69.61,70.23,70.68,71.41
Kota Jakarta Barat,79.72,80.34,80.47,80.88,81.21,81.38,81.76,82.51,83.02,83.64
Kota Jakarta Pusat,79.69,80.22,80.49,81.01,81.24,81.39,81.56,82.11,82.53,83.01
Kota Jakarta Selatan,83.37,83.94,84.13,84.44,84.75,84.72,84.9,85.21,86.07,86.94
Kota Jakarta Timur,80.73,81.28,81.61,82.06,82.69,82.66,82.97,83.45,84.13,84.65
Kota Jakarta Utara,78.3,78.78,79.47,79.87,80.17,80.29,80.51,80.81,81.11,81.39
Kota Jambi,75.58,76.14,76.74,77.41,78.26,78.37,79.12,79.58,80.15,81.04
Kota Jayapura,78.05,78.56,79.23,79.58,80.16,79.94,80.11,80.61,81.14,81.67
Kota Kediri,75.67,76.33,77.13,77.58,78.08,78.23,78.6,79.59,80.44,81.35
Kota Kendari,81.43,81.66,81.83,82.22,82.86,83.53,84.15,84.51,84.85,85.33
Kota Kotamobagu,70.7,71.68,72.0,72.55,73.22,72.97,73.47,73.96,74.43,75.27
Kota Kupang,77.95,78.14,78.25,78.84,79.55,79.71,79.74,80.2,80.62,81.08
Kota Langsa,74.74,75.41,75.89,76.34,77.16,77.17,77.44,77.82,78.36,78.81
Kota Lhokseumawe,75.11,75.78,76.34,76.62,77.3,77.31,77.57,78.04,78.92,79.55
Kota Lubuklinggau,73.17,73.57,73.67,74.09,74.81,74.78,74.89,75.53,76.19,76.82
Kota Madiun,79.48,80.01,80.13,80.33,80.88,80.91,81.25,82.01,82.71,83.48
Kota Magelang,76.39,77.16,77.84,78.31,78.8,78.99,79.43,80.39,81.17,82.15
Kota Malang,80.05,80.46,80.65,80.89,81.32,81.45,82.04,82.71,83.39,84.06
Kota Manado,77.32,77.59,78.05,78.41,79.12,78.93,79.2,79.66,80.14,80.63
Kota Mataram,76.37,77.2,77.84,78.43,79.1,78.91,79.14,79.59,80.09,80.6
Kota Medan,78.87,79.34,79.98,80.65,80.97,80.98,81.21,81.76,82.19,82.76
Kota Metro,75.1,75.45,75.87,76.22,76.77,77.19,77.49,77.89,78.36,78.93
Kota Mojokerto,75.54,76.38,76.77,77.14,77.96,78.04,78.43,79.32,80.07,80.92
Kota Padang,80.36,81.06,81.58,82.25,82.68,82.82,82.9,83.29,83.58,83.99
Kota Padang Panjang,75.98,76.5,77.01,77.3,78.0,77.93,77.97,78.78,79.26,80.17
Kota Padangsidimpuan,72.8,73.42,73.81,74.38,75.06,75.22,75.48,76.05,76.44,76.96
Kota Pagar Alam,65.37,65.96,66.81,67.62,68.44,68.31,68.68,69.6,70.45,71.19
Kota Palangka Raya,78.62,79.21,79.69,80.34,80.77,80.77,80.82,81.16,81.68,82.2
Kota Palembang,76.29,76.59,77.22,77.89,78.44,78.33,78.72,79.47,80.02,80.57
Kota Palopo,76.27,76.45,76.71,77.3,77.98,78.06,78.38,78.91,79.45,79.94
Kota Palu,79.63,79.73,80.24,80.91,81.5,81.47,81.7,82.02,82.52,82.88
Kota Pangkal Pinang,76.61,76.73,76.86,77.43,77.97,78.22,78.57,79.24,79.93,80.4
Kota Parepare,76.31,76.48,76.68,77.19,77.62,77.86,78.21,78.54,79.03,79.64
Kota Pariaman,74.98,75.44,75.71,76.26,76.7,76.9,77.07,77.65,78.13,78.88
Kota Pasuruan,73.78,74.11,74.39,74.78,75.25,75.26,75.62,76.54,77.17,77.75
Kota Payakumbuh,77.42,77.56,77.91,78.23,78.95,78.9,79.08,79.53,79.97,80.61
Kota Pekalongan,72.69,73.32,73.77,74.24,74.77,74.98,75.4,75.9,76.71,77.22
Kota Pekanbaru,79.32,79.69,79.97,80.66,81.35,81.32,81.58,82.06,82.38,82.89
Kota Pematang Siantar,76.34,76.9,77.54,77.88,78.57,78.75,79.17,79.7,80.46,81.17
Kota Pontianak,77.52,77.63,77.93,78.56,79.35,79.44,79.93,80.48,81.03,81.57
Kota Prabumulih,73.19,73.38,73.58,74.04,74.4,74.55,74.67,75.52,76.46,77.08
Kota Probolinggo,71.01,71.5,72.09,72.53,73.27,73.27,73.66,74.56,75.43,76.27
Kota Sabang,72.51,73.36,74.1,74.82,75.77,75.78,76.11,76.85,77.52,78.32
Kota Salatiga,80.96,81.14,81.68,82.41,83.12,83.14,83.6,84.35,84.99,85.72
Kota Samarinda,78.69,78.91,79.46,79.93,80.2,80.11,80.76,81.43,82.32,82.81
Kota Sawah Lunto,69.87,70.67,71.13,71.72,72.39,72.64,72.88,73.73,74.42,75.13
Kota Semarang,80.23,81.19,82.01,82.72,83.19,83.05,83.55,84.08,84.43,85.25
Kota Serang,70.51,71.09,71.31,71.68,72.1,72.16,72.44,72.98,73.48,73.99
Kota Sibolga,71.64,72.0,72.28,72.65,73.41,73.63,73.94,74.74,75.2,75.66
Kota Singkawang,70.03,70.1,70.25,71.08,71.72,71.94,72.11,72.89,73.39,73.87
Kota Solok,76.83,77.07,77.44,77.89,78.38,78.29,78.41,79.23,79.58,80.0
Kota Sorong,75.91,76.33,76.73,77.35,77.98,78.45,78.49,78.98,79.65,79.93
Kota Subulussalam,61.32,62.18,62.88,63.48,64.46,64.93,65.27,66.2,67.1,68.04
Kota Sukabumi,71.84,72.33,73.03,73.55,74.31,74.21,74.6,75.4,76.32,76.85
Kota Sungai Penuh,73.03,73.35,73.75,74.67,75.36,75.42,75.7,76.17,76.65,77.4
Kota Surabaya,79.47,80.38,81.07,81.74,82.22,82.23,82.31,82.74,83.45,84.14
Kota Surakarta,80.14,80.76,80.85,81.46,81.86,82.21,82.62,83.08,83.54,84.4
Kota Tangerang,76.08,76.81,77.01,77.92,78.43,78.25,78.5,78.9,79.46,80.02
Kota Tangerang Selatan,79.38,80.11,80.84,81.17,81.48,81.36,81.6,81.95,82.28,82.89
Kota Tanjung Balai,66.74,67.09,67.41,68.0,68.51,68.65,68.94,69.86,70.59,71.1
Kota Tanjung Pinang,77.57,77.77,78.0,78.33,78.73,78.91,78.93,79.64,80.23,80.63
Kota Tarakan,74.7,74.88,75.27,75.69,76.09,75.83,76.23,76.68,77.53,77.96
Kota Tasikmalaya,69.99,70.58,71.51,72.03,72.84,73.04,73.31,73.83,74.47,75.04
Kota Tebing Tinggi,72.81,73.58,73.9,74.5,75.08,75.17,75.42,76.17,76.98,77.45
Kota Tegal,72.96,73.55,73.95,74.44,74.93,75.07,75.52,76.15,77.02,77.43
Kota Ternate,77.64,77.8,78.48,79.13,80.03,79.82,80.14,80.81,81.35,82.12
Kota Tidore Kepulauan,67.45,68.37,69.25,69.89,70.83,70.53,70.99,71.55,72.4,72.91
Kota Tomohon,74.36,74.91,75.34,75.78,76.67,76.69,76.86,77.44,78.1,78.89
Kota Tual,65.2,65.64,66.25,67.21,67.74,67.96,68.16,68.6,69.43,70.21
Kota Yogyakarta,84.56,85.32,85.49,86.11,86.65,86.61,87.18,87.69,88.28,88.77
Kotawaringin Barat,70.6,71.13,72.11,72.46,72.85,72.87,73.07,73.41,74.04,74.44
Kotawaringin Timur,68.61,69.42,70.17,70.56,71.16,71.31,71.38,71.67,72.21,72.66
Kuantan Singingi,68.32,68.66,69.53,69.96,70.78,70.31,70.6,71.09,71.67,72.33
Kubu Raya,65.02,65.54,66.31,67.23,67.76,67.95,68.16,68.91,69.6,70.25
Kudus,72.72,72.94,73.84,74.58,74.94,75.0,75.16,75.89,76.71,77.22
Kulon Progo,71.52,72.38,73.23,73.76,74.44,74.46,74.71,75.46,75.79,76.14
Kuningan,67.19,67.51,67.78,68.55,69.12,69.38,69.71,70.16,70.72,71.26
Kupang,62.04,62.39,62.79,63.55,64.43,64.32,64.41,65.04,65.82,66.57
Kutai Barat,69.34,69.99,70.18,70.69,71.63,71.19,72.07,72.92,73.72,74.5
Kutai Kartanegara,71.78,72.19,72.75,73.15,73.78,73.59,74.06,74.67,75.3,75.91
Kutai Timur,70.76,71.1,71.91,72.56,73.49,73.0,73.81,74.35,74.98,75.53
Labuhan Batu,70.23,70.5,71.0,71.39,71.94,72.01,72.09,72.92,73.69,74.18
Labuhan Batu Selatan,69.67,70.28,70.48,70.98,71.39,71.4,71.69,72.16,72.82,73.67
Labuhan Batu Utara,69.69,70.26,70.79,71.08,71.43,71.61,71.87,72.77,73.63,74.4
Lahat,65.25,65.75,66.38,66.99,67.62,67.44,67.58,68.4,69.1,69.77
Lamandau,68.3,68.54,69.17,69.7,70.51,70.51,70.58,71.11,71.81,72.25
Lamongan,69.84,70.34,71.11,71.97,72.57,72.58,73.12,74.02,74.53,75.13
Lampung Barat,64.54,65.45,66.06,66.74,67.5,67.8,67.9,68.39,69.11,69.84
Lampung Selatan,65.22,66.19,66.95,67.68,68.22,68.36,68.49,69.0,69.63,70.28
Lampung Tengah,67.61,68.33,68.95,69.73,70.04,70.16,70.23,70.8,71.6,72.37
Lampung Timur,67.1,67.88,68.05,69.04,69.34,69.37,69.66,70.58,71.21,71.84
Lampung Utara,65.2,65.95,66.58,67.17,67.63,67.67,67.89,68.33,68.95,69.62
Landak,64.12,64.58,64.93,65.45,65.96,65.98,66.21,67.17,68.14,69.08
Langkat,68.53,69.13,69.82,70.27,70.76,71.0,71.35,71.86,72.21,72.73
Lanny Jaya,44.18,45.16,46.49,47.34,48.0,47.86,48.68,49.62,50.56,51.59
Lebak,62.03,62.78,62.95,63.37,63.88,63.91,64.03,64.71,65.21,65.86
Lebong,64.72,65.58,65.87,66.28,66.84,67.01,67.46,68.12,68.71,69.27
Lembata,62.16,62.81,63.09,63.96,64.91,64.74,64.75,65.47,66.12,66.62
Lima Puluh Kota,67.65,68.37,68.69,69.17,69.67,69.47,69.68,70.28,70.7,71.14
Lingga,61.28,62.44,63.45,64.06,64.98,65.29,65.83,66.57,67.44,68.19
Lombok Barat,64.62,65.55,66.37,67.18,68.03,68.2,68.61,69.41,70.15,70.67
Lombok Tengah,62.74,63.22,64.36,65.36,66.36,66.43,66.72,67.57,68.4,69.17
Lombok Timur,62.83,63.7,64.37,65.35,66.23,66.3,66.66,67.59,68.41,69.23
Lombok Utara,61.15,62.24,63.04,63.83,64.49,64.42,64.77,65.7,66.62,67.24
Lumajang,63.02,63.74,64.23,64.83,65.33,65.46,66.07,66.95,67.87,68.8
Luwu,68.11,68.71,69.02,69.6,70.39,70.51,70.85,71.36,72.16,72.79
Luwu Timur,70.43,70.95,71.46,72.16,72.8,73.22,73.34,73.92,74.35,74.95
Luwu Utara,67.44,67.81,68.35,68.79,69.46,69.57,70.02,70.51,71.34,72.07
Madiun,69.39,69.67,70.27,71.01,71.69,71.73,71.88,72.39,72.97,73.74
Magelang,67.13,67.85,68.39,69.11,69.87,69.87,70.12,70.85,71.45,71.99
Magetan,71.39,71.94,72.6,72.91,73.49,73.92,74.15,74.85,75.41,75.87
Majalengka,64.75,65.25,65.92,66.72,67.52,67.59,67.81,68.56,69.13,69.74
Majene,64.4,64.8,65.4,66.01,66.59,66.91,67.29,67.84,68.62,69.42
Malaka,57.51,58.29,58.9,59.66,60.34,60.21,60.42,61.34,62.06,62.73
Malang,66.63,67.51,68.47,69.4,70.35,70.36,70.6,71.38,72.16,72.68
Malinau,70.15,70.71,71.23,71.74,72.06,71.94,72.32,72.75,73.19,73.9
Maluku Barat Daya,58.64,59.43,60.16,60.64,61.55,61.9,62.37,63.07,63.93,64.86
Maluku Tengah,68.85,69.54,70.09,70.6,71.25,71.25,71.32,71.81,72.45,73.21
Maluku Tenggara,63.35,64.2,64.94,65.53,65.85,66.2,66.33,66.88,67.57,68.24
Mamasa,63.17,63.51,63.92,64.66,65.32,66.02,66.63,67.21,67.83,68.37
Mamberamo Raya,48.29,49.0,50.25,51.24,52.2,51.78,52.18,53.1,54.08,55.0
Mamberamo Tengah,43.55,44.15,45.5,46.41,47.23,47.57,48.32,49.25,50.22,50.72
Mamuju,65.09,65.65,66.32,67.11,67.72,68.15,68.32,68.88,69.61,70.4
Mamuju Tengah,62.22,62.89,63.64,64.43,65.1,65.71,66.18,66.89,67.45,68.36
Mandailing Natal,63.99,64.55,65.13,65.83,66.52,66.79,67.19,68.05,68.56,69.33
Manggarai,60.87,61.67,62.24,63.32,64.15,64.54,65.01,65.83,66.42,67.28
Manggarai Barat,60.04,60.63,61.65,62.58,63.5,63.89,64.17,64.92,65.81,66.65
Manggarai Timur,56.83,57.5,58.51,59.49,60.47,60.85,61.37,62.3,63.24,64.2
Manokwari,69.91,70.34,70.67,71.17,71.67,72.01,72.02,72.6,73.21,73.83
Manokwari Selatan,56.59,57.12,58.08,58.84,59.72,59.84,59.85,60.68,61.55,62.45
Mappi,56.11,56.54,57.1,57.72,58.3,58.15,58.7,59.61,60.57,61.51
Maros,67.13,67.76,68.42,68.94,69.5,69.86,70.41,71.0,71.63,72.11
Maybrat,55.78,56.35,57.23,58.16,59.15,59.52,59.7,60.49,61.29,61.83
Melawi,63.78,64.25,64.43,65.05,65.54,65.55,65.87,66.81,67.76,68.66
Merangin,67.15,67.86,68.3,68.81,69.07,69.19,69.53,69.98,70.81,71.66
Merauke,67.75,68.09,68.64,69.38,69.98,70.09,70.49,71.24,72.19,72.73
Mesuji,59.79,60.72,61.87,62.88,63.52,63.63,64.04,64.94,65.64,66.46
Mimika,70.89,71.64,72.42,73.15,74.13,74.19,74.48,75.08,75.91,76.85
Minahasa,73.59,74.37,74.59,74.97,75.47,75.29,75.73,76.18,76.96,77.74
Minahasa Selatan,69.18,69.97,70.05,70.86,71.68,72.11,72.32,72.89,73.66,74.17
Minahasa Tenggara,68.05,68.42,68.91,69.66,70.47,70.51,71.06,71.48,71.93,72.66
Minahasa Utara,71.09,71.49,72.2,73.05,73.95,73.9,74.11,74.69,75.31,75.89
Mojokerto,70.85,71.38,72.36,72.64,73.53,73.83,74.15,74.89,75.53,75.98
Morowali,69.12,69.69,70.41,71.14,72.02,72.21,72.29,72.55,73.02,73.54
Morowali Utara,66.0,66.57,67.35,67.95,68.45,68.36,68.48,68.97,69.73,70.58
Muara Enim,65.82,66.71,67.63,68.28,68.88,68.74,68.86,69.43,70.24,71.0
Muaro Jambi,66.66,67.55,67.86,68.34,69.01,69.18,69.55,70.18,71.04,71.91
Mukomuko,65.77,66.52,67.07,67.47,68.12,68.45,68.64,69.12,69.97,70.63
Muna,65.99,66.96,67.61,68.47,68.97,69.02,69.17,69.61,70.16,71.05
Murung Raya,66.46,66.96,67.16,67.56,67.89,67.98,68.12,68.63,69.42,70.03
Musi Banyuasin,65.76,66.45,66.96,67.57,67.83,67.69,68.1,68.6,69.17,70.12
Musi Rawas,64.11,64.75,65.31,66.18,66.92,66.79,67.01,67.78,68.26,68.95
Musi Rawas Utara,62.32,63.05,63.18,63.75,64.32,64.49,64.93,65.74,66.6,67.4
Nabire,66.49,66.64,67.11,67.7,68.53,68.83,69.15,69.91,70.84,71.77
Nagan Raya,66.73,67.32,67.78,68.15,69.11,69.18,69.31,70.1,70.78,71.72
Nagekeo,63.33,63.93,64.74,65.35,65.88,65.81,65.82,66.22,67.07,67.72
Natuna,70.87,71.23,71.52,72.1,72.63,72.72,73.09,73.47,74.21,74.56
Nduga,25.47,26.56,27.87,29.42,30.75,31.55,32.84,34.1,35.19,36.3
Ngada,65.1,65.61,66.47,67.1,67.76,67.88,67.88,68.26,69.14,69.52
Nganjuk,69.9,70.5,70.69,71.23,71.71,71.72,71.97,72.93,73.71,74.23
Ngawi,68.32,68.96,69.27,69.91,70.41,70.54,71.04,71.75,72.47,73.09
Nias,58.85,59.75,60.21,60.82,61.65,61.93,62.74,63.69,64.56,65.55
Nias Barat,58.25,59.03,59.56,60.42,61.14,61.51,61.99,62.93,63.7,64.67
Nias Selatan,58.74,59.14,59.85,60.75,61.59,61.89,62.35,63.17,64.12,65.02
Nias Utara,59.88,60.23,60.57,61.08,61.98,62.36,62.82,63.75,64.64,65.62
Nunukan,63.35,64.35,65.1,65.67,66.32,65.79,66.46,67.16,67.7,68.52
Ogan Ilir,65.35,65.45,65.63,66.43,67.22,67.06,67.17,67.96,68.76,69.4
Ogan Komering Ilir,64.73,65.44,66.11,66.57,66.96,66.82,67.17,68.02,68.65,69.33
Ogan Komering Ulu,67.18,67.47,68.28,69.01,69.45,69.32,69.6,70.24,71.01,71.55
Ogan Komering Ulu Selatan,62.57,63.42,63.96,64.84,65.43,65.3,65.34,65.87,66.67,67.65
Ogan Komering Ulu Timur,67.17,67.38,67.84,68.58,69.34,69.28,69.58,70.23,70.96,71.55
Pacitan,64.92,65.74,66.51,67.33,68.16,68.39,68.57,69.37,70.19,70.74
Padang Lawas,65.99,66.23,66.82,67.59,68.16,68.25,68.64,69.58,70.34,71.27
Padang Lawas Utara,67.35,68.05,68.34,68.77,69.29,69.85,70.11,70.93,71.63,72.32
Padang Pariaman,68.04,68.44,68.9,69.71,70.59,70.61,70.76,71.63,72.61,73.1
Pakpak Bharat,65.53,65.81,66.25,66.63,67.47,67.59,67.94,68.85,69.58,70.36
Pamekasan,63.1,63.98,64.93,65.41,65.94,66.26,66.4,66.99,67.96,68.49
Pandeglang,62.72,63.4,63.82,64.34,64.91,65.0,65.17,65.84,66.42,66.99
Pangandaran,65.62,65.79,66.6,67.44,68.21,68.06,68.28,69.03,69.38,69.85
Paniai,54.2,54.34,54.91,55.83,56.58,56.31,56.7,57.14,57.91,58.69
Parigi Moutong,62.79,63.6,64.09,64.85,65.47,65.44,65.82,66.26,67.11,67.49
Pasaman,64.01,64.57,64.94,65.6,66.46,66.64,66.77,67.41,68.13,68.89
Pasaman Barat,65.26,66.03,66.83,67.43,68.21,68.49,68.76,69.57,70.19,70.93
Paser,70.3,71.0,71.16,71.61,72.29,72.04,72.93,73.44,74.14,74.7
Pasuruan,65.04,65.71,66.69,67.41,68.29,68.6,68.93,69.68,70.29,70.73
Pati,68.51,69.03,70.12,70.71,71.35,71.77,72.28,73.14,73.59,74.1
Pegunungan Arfak,53.73,53.89,54.39,55.31,56.15,56.33,56.13,57.01,57.82,58.73
Pegunungan Bintang,40.91,41.9,43.24,44.22,45.21,45.44,46.28,47.21,48.18,49.36
Pekalongan,67.4,67.71,68.4,68.97,69.71,69.63,70.11,70.81,71.4,71.84
Pelalawan,69.82,70.21,70.59,71.44,71.85,71.56,72.08,72.93,73.59,74.08
Pemalang,63.7,64.17,65.04,65.67,66.32,66.32,66.56,67.19,68.03,68.55
Penajam Paser Utara,69.26,69.96,70.59,71.13,71.64,71.41,72.01,72.55,73.3,73.9
Penukal Abab Lematang Ilir,60.83,61.66,62.58,63.49,64.33,64.7,64.88,65.75,66.64,67.48
Pesawaran,62.7,63.47,64.43,64.97,65.75,65.79,66.14,66.7,67.67,68.52
Pesisir Barat,60.55,61.5,62.2,62.96,63.79,63.91,64.3,65.14,66.0,66.73
Pesisir Selatan,68.07,68.39,68.74,69.4,70.08,69.9,70.03,70.84,71.44,72.02
Pidie,68.68,69.06,69.52,69.93,70.41,70.63,70.7,71.2,71.66,72.31
Pidie Jaya,70.49,71.13,71.73,72.12,72.87,73.2,73.6,74.34,74.8,75.16
Pinrang,69.24,69.42,69.9,70.62,71.12,71.26,71.45,71.97,72.84,73.55
Pohuwato,62.5,63.17,63.88,64.44,65.27,65.37,65.8,66.53,67.15,68.02
Polewali Mandar,60.87,61.51,62.35,63.14,63.74,63.84,64.23,64.79,65.59,66.22
Ponorogo,68.16,68.93,69.26,69.91,70.56,70.81,71.06,71.87,72.5,73.01
Poso,68.13,68.83,69.78,70.68,71.4,71.28,71.45,71.93,72.48,72.87
Pringsewu,67.55,68.26,68.61,69.42,69.97,70.3,70.45,70.98,71.61,72.29
Probolinggo,63.83,64.12,64.28,64.85,65.6,66.07,66.26,66.96,67.79,68.29
Pulang Pisau,65.76,66.49,67.0,67.54,68.34,68.45,68.53,69.01,69.6,70.27
Pulau Morotai,59.27,59.87,60.71,61.39,62.38,62.5,62.9,63.8,64.73,65.68
Pulau Taliabu,58.26,58.66,59.03,59.67,60.62,60.48,60.73,61.64,62.31,62.9
Puncak,39.41,39.96,41.06,41.81,42.7,43.04,43.17,43.87,44.59,45.6
Puncak Jaya,44.87,45.49,46.57,47.39,48.33,48.37,48.99,49.84,50.81,51.78
Purbalingga,67.03,67.48,67.72,68.41,68.99,68.97,69.15,69.54,70.24,70.69
Purwakarta,67.84,68.56,69.28,69.98,70.67,70.82,70.98,71.56,72.09,72.65
Purworejo,70.37,70.66,71.31,71.87,72.5,72.68,72.98,73.6,74.28,75.11
Raja Ampat,61.23,61.95,62.35,62.84,63.66,63.89,63.92,64.65,65.26,65.86
Rejang Lebong,67.51,68.34,68.61,69.4,70.1,70.44,70.77,71.45,72.31,72.92
Rembang,68.18,68.6,68.95,69.46,70.15,70.02,70.43,71.0,71.89,72.53
Rokan Hilir,66.81,67.52,67.84,68.73,69.4,69.15,69.34,70.1,70.78,71.2
Rokan Hulu,67.29,67.86,68.67,69.36,69.93,69.38,69.67,70.31,71.02,71.82
Rote Ndao,58.32,59.28,60.51,61.51,62.22,62.39,62.6,63.21,64.0,64.59
Sabu Raijua,53.28,54.16,55.22,55.79,56.66,57.02,57.03,57.9,58.89,59.58
Sambas,64.14,64.94,65.92,66.61,67.02,67.03,67.1,67.95,68.69,69.31
Samosir,68.43,68.82,69.43,69.99,70.55,70.63,70.83,71.67,72.08,72.88
Sampang,58.18,59.09,59.9,61.0,61.94,62.7,62.8,63.39,64.13,64.65
Sanggau,63.05,63.9,64.61,65.15,65.67,65.77,66.2,66.91,67.77,68.43
Sarmi,60.99,61.27,62.31,63.0,63.45,63.63,63.94,64.86,65.8,66.72
Sarolangun,68.1,68.73,69.03,69.41,69.72,69.86,70.25,70.89,71.29,72.01
Sekadau,62.34,62.52,63.04,63.69,64.34,64.76,64.93,65.58,66.33,67.25
Seluma,63.41,64.04,65.0,65.99,66.69,66.89,67.03,67.76,68.27,68.97
Semarang,71.89,72.4,73.2,73.61,74.14,74.1,74.24,74.67,75.13,75.67
Seram Bagian Barat,63.02,63.76,64.34,65.14,65.49,65.62,65.83,66.67,67.56,68.39
Seram Bagian Timur,60.27,61.15,62.06,62.98,63.74,64.12,64.3,65.05,65.82,66.24
Serang,64.61,65.12,65.6,65.93,66.38,66.7,66.82,67.75,68.39,69.03
Serdang Bedagai,68.01,68.77,69.16,69.69,70.21,70.24,70.56,71.21,71.75,72.47
Seruyan,64.77,65.4,66.14,67.04,67.57,67.58,67.67,68.24,68.68,69.05
Siak,72.17,72.7,73.18,73.73,74.07,73.68,73.98,74.5,74.98,75.45
Siau Tagulandang Biaro,65.0,65.66,66.03,66.75,67.48,67.64,68.05,68.94,69.57,70.31
Sidenreng Rappang,69.0,69.39,69.84,70.6,71.05,71.21,71.54,72.06,72.71,73.21
Sidoarjo,77.43,78.17,78.7,79.5,80.05,80.29,80.65,81.02,81.55,82.31
Sigi,65.35,65.95,66.72,67.66,68.16,68.12,68.49,69.05,69.93,70.51
Sijunjung,65.3,66.01,66.6,66.97,67.66,67.74,67.86,68.69,69.65,70.23
Sikka,61.81,62.42,63.08,63.89,64.75,65.11,65.41,66.06,66.89,67.41
Simalungun,71.24,71.48,71.83,72.49,72.98,73.25,73.4,73.77,74.29,74.97
Simeulue,63.16,63.82,64.41,64.74,65.7,66.03,66.41,67.27,68.06,69.01
Sinjai,64.48,65.36,65.8,66.24,67.05,67.6,67.75,68.33,68.92,69.52
Sintang,64.18,64.78,65.16,66.07,66.7,66.88,66.93,67.86,68.67,69.42
Situbondo,64.53,65.08,65.68,66.42,67.09,67.38,67.78,68.25,69.16,69.75
Sleman,81.2,82.15,82.85,83.42,83.85,83.84,84.0,84.31,84.77,85.61
Solok,67.12,67.67,67.86,68.6,69.08,69.08,69.24,70.02,70.63,71.02
Solok Selatan,67.09,67.47,67.81,68.45,68.94,69.04,69.23,69.71,70.58,71.5
Soppeng,65.33,65.95,66.67,67.6,68.26,68.67,68.99,69.7,70.58,71.39
Sorong,61.86,62.42,63.42,64.32,65.29,65.74,65.77,66.69,67.49,68.29
Sorong Selatan,58.6,59.2,60.19,61.01,61.93,62.42,62.46,63.08,63.94,64.5
Sragen,71.1,71.43,72.4,72.96,73.43,73.95,74.08,74.65,75.1,75.53
Subang,66.52,67.14,67.73,68.31,68.69,68.95,69.13,69.87,70.7,71.36
Sukabumi,64.44,65.13,65.49,66.05,66.87,66.88,67.07,67.64,68.49,68.97
Sukamara,65.8,66.4,66.98,67.52,67.95,68.03,68.27,68.94,69.44,69.85
Sukoharjo,74.53,75.06,75.56,76.07,76.84,76.98,77.13,77.94,78.65,79.3
Sumba Barat,61.36,61.85,62.3,62.91,63.56,63.53,63.83,64.43,65.22,66.06
Sumba Barat Daya,60.53,61.31,61.46,61.89,62.6,62.28,62.29,63.15,63.74,64.27
Sumba Tengah,57.91,58.52,59.39,60.07,61.01,61.53,61.8,62.71,63.48,64.31
Sumba Timur,62.54,63.22,64.19,64.65,65.34,65.52,65.74,66.17,67.05,67.68
Sumbawa,63.91,64.89,65.84,66.77,67.6,67.61,68.01,68.89,69.87,70.55
Sumbawa Barat,68.38,69.26,70.08,70.71,71.52,71.63,71.85,72.65,73.17,73.86
Sumedang,69.29,69.45,70.07,70.99,71.46,71.64,71.8,72.69,73.18,73.73
Sumenep,62.38,63.42,64.28,65.25,66.22,66.43,67.04,67.87,68.61,69.26
Supiori,60.09,60.59,61.23,61.84,62.3,62.3,62.72,63.65,64.61,65.15
Tabalong,69.35,70.07,70.76,71.14,71.78,72.19,72.6,73.13,73.85,74.41
Tabanan,73.54,74.19,74.86,75.45,76.16,76.17,76.45,76.75,77.43,78.42
Takalar,64.07,64.96,65.48,66.07,66.94,67.31,67.72,68.31,68.9,69.47
Tambrauw,49.77,50.35,51.01,51.95,52.9,53.45,53.71,54.63,55.55,56.32
Tana Tidung,64.92,65.64,66.26,67.05,67.79,66.97,67.76,68.6,69.2,70.08
Tana Toraja,65.75,66.25,66.82,67.66,68.25,68.75,69.49,69.88,70.73,71.67
Tanah Bumbu,67.58,68.28,69.12,70.05,70.5,70.71,71.0,71.79,72.31,72.95
Tanah Datar,69.49,70.11,70.37,71.25,72.14,72.33,72.46,73.29,73.98,74.9
Tanah Laut,66.99,67.44,68.0,68.49,69.04,69.38,69.87,70.35,70.98,71.43
Tangerang,70.05,70.44,70.97,71.59,71.93,71.92,72.29,72.97,73.43,74.09
Tanggamus,63.66,64.41,64.94,65.67,66.37,66.42,66.65,67.22,67.86,68.52
Tanjung Jabung Barat,65.03,65.91,66.15,67.13,67.54,67.54,68.16,68.79,69.35,69.93
Tanjung Jabung Timur,61.12,61.88,62.61,63.32,63.92,64.43,64.91,65.77,66.65,67.54
Tapanuli Selatan,67.63,68.04,68.69,69.1,69.75,70.12,70.33,70.92,71.55,72.14
Tapanuli Tengah,67.06,67.27,67.96,68.27,68.86,69.23,69.61,70.31,70.91,71.52
Tapanuli Utara,71.32,71.96,72.38,72.91,73.33,73.47,73.76,74.14,74.65,75.23
Tapin,67.67,68.05,68.7,69.53,70.13,70.11,70.31,71.02,72.0,72.51
Tasikmalaya,63.17,63.57,64.14,65.0,65.64,65.67,65.9,66.84,67.76,68.36
Tebo,67.29,68.05,68.16,68.67,69.02,69.14,69.35,69.78,70.63,71.32
Tegal,65.04,65.84,66.44,67.33,68.24,68.39,68.79,69.53,70.23,70.77
Teluk Bintuni,61.09,61.81,62.39,63.13,64.0,64.55,64.65,65.27,66.0,66.75
Teluk Wondama,56.64,57.16,58.1,58.86,59.82,60.21,60.33,60.87,61.67,62.36
Temanggung,67.07,67.6,68.34,68.83,69.56,69.57,69.88,70.77,71.33,71.87
Timor Tengah Selatan,59.9,60.37,61.08,61.58,62.23,62.15,62.16,62.73,63.58,64.36
Timor Tengah Utara,60.96,61.54,62.03,62.65,63.34,63.53,63.69,64.26,65.16,65.83
Tojo Una-Una,61.33,62.27,62.61,63.38,64.52,64.59,64.74,65.54,66.39,66.97
Toli-Toli,62.72,63.27,64.05,64.6,65.42,65.69,66.3,66.76,67.66,68.37
Tolikara,46.38,47.11,47.89,48.85,49.68,49.5,49.6,50.51,51.48,52.05
Toraja Utara,66.76,67.49,67.9,68.49,69.23,69.33,69.75,70.36,71.23,71.85
Trenggalek,67.25,67.78,68.1,68.71,69.46,69.74,70.06,71.0,71.73,72.24
Tuban,65.52,66.19,66.77,67.43,68.37,68.4,68.91,69.67,70.34,71.23
Tulang Bawang Barat,63.01,63.77,64.58,65.3,65.93,65.97,66.22,67.13,67.81,68.46
Tulangbawang,66.08,66.74,67.07,67.7,68.23,68.52,68.73,69.53,70.02,70.66
Tulungagung,70.07,70.82,71.24,71.99,72.62,73.0,73.15,74.06,74.61,75.09
Wajo,66.9,67.52,68.18,68.57,69.05,69.15,69.62,70.26,71.1,71.52
Wakatobi,67.22,67.5,67.99,68.52,68.99,69.48,69.87,70.85,71.43,72.02
Waropen,62.35,63.1,64.08,64.8,65.34,64.94,65.1,65.67,66.46,66.92
Way Kanan,65.18,65.74,65.97,66.63,67.19,67.44,67.57,68.04,68.63,69.31
Wonogiri,67.76,68.23,68.66,69.37,69.98,70.25,70.49,71.04,71.97,72.55
Wonosobo,65.7,66.19,66.89,67.81,68.27,68.22,68.43,68.89,69.37,69.82
Yahukimo,46.63,47.13,47.95,48.51,49.25,49.37,49.48,50.25,51.19,51.98
Yalimo,44.32,44.95,46.19,47.13,48.08,48.34,49.01,49.9,50.87,51.85
